16.5656683333,-93.022155,23,0
16.5656683333,-93.022155,152,0.0
16.5656683333,-93.022155,149,0.0
16.5639683333,-93.0242216667,23,291.0
16.5639683333,-93.0242216667,154,0.0
16.5639683333,-93.0242216667,153,0.0
16.5639683333,-93.0242216667,149,0.0
16.5639683333,-93.0242216667,23,0.0
16.5639683333,-93.0242216667,150,0.0
16.5639683333,-93.0242216667,151,0.0
16.5639683333,-93.0242216667,151,0.0
16.5639683333,-93.0242216667,151,0.0
16.5639683333,-93.0242216667,152,0.0
16.5639683333,-93.0242216667,149,0.0
16.5639683333,-93.0242216667,152,0.0
16.5639683333,-93.0242216667,23,0.0
16.5639683333,-93.0242216667,23,0.0
16.5639683333,-93.0242216667,23,0.0
16.5639683333,-93.0242216667,23,0.0
16.5639683333,-93.0242216667,23,0.0
16.5639683333,-93.0242216667,24,0.0
16.5639683333,-93.0242216667,23,0.0
16.5639683333,-93.0242216667,23,0.0
16.5639683333,-93.0242216667,23,0.0
16.5639683333,-93.0242216667,23,0.0
16.5639683333,-93.0242216667,23,0.0
16.5639683333,-93.0242216667,23,0.0
16.5639683333,-93.0242216667,23,0.0
16.5639683333,-93.0242216667,23,0.0
16.5639683333,-93.0242216667,23,0.0
16.5639683333,-93.0242216667,23,0.0
16.5639683333,-93.0242216667,20,0.0
16.5639683333,-93.0242216667,72,0.0
16.5639683333,-93.0242216667,26,0.0
16.5639683333,-93.0242216667,30,0.0
16.5639683333,-93.0242216667,23,0.0
16.5639683333,-93.0242216667,23,0.0
16.5639683333,-93.0242216667,20,0.0
16.5624616667,-93.0277983333,23,417.0
16.5624616667,-93.0277983333,43,0.0
16.5624616667,-93.0277983333,25,0.0
16.5624616667,-93.0277983333,30,0.0
16.5624616667,-93.0277983333,23,0.0
16.5624616667,-93.0277983333,21,0.0
16.5624616667,-93.0277983333,23,0.0
16.5624616667,-93.0277983333,43,0.0
16.5650566667,-93.0493066667,43,2310.0
16.5650566667,-93.0493066667,23,0.0
16.5650566667,-93.0493066667,43,0.0
16.5650566667,-93.0493066667,23,0.0
16.5650566667,-93.0493066667,30,0.0
16.5650566667,-93.0493066667,21,0.0
16.5650566667,-93.0493066667,43,0.0
16.5650566667,-93.0493066667,26,0.0
16.5742633333,-93.078265,30,3250.0
16.5742633333,-93.078265,43,0.0
16.5742633333,-93.078265,23,0.0
16.5742633333,-93.078265,23,0.0
16.5742633333,-93.078265,43,0.0
16.5742633333,-93.078265,23,0.0
16.5742633333,-93.078265,21,0.0
16.5742633333,-93.078265,30,0.0
16.5742633333,-93.078265,23,0.0
16.5722916667,-93.1033916667,115,2686.0
16.5722916667,-93.1033916667,28,1.0
16.5722916667,-93.1033916667,43,1.0
16.5722916667,-93.1033916667,149,1.0
16.5722916667,-93.1033916667,43,1.0
16.5722916667,-93.1033916667,43,1.0
16.5722916667,-93.1033916667,43,1.0
16.5722916667,-93.1033916667,37,1.0
16.5722916667,-93.1033916667,43,1.0
16.560235,-93.1174916667,43,2013.0
16.560235,-93.1174916667,43,0.0
16.560235,-93.1174916667,115,0.0
16.560235,-93.1174916667,43,0.0
16.560235,-93.1174916667,43,0.0
16.560235,-93.1174916667,152,0.0
16.560235,-93.1174916667,43,0.0
16.560235,-93.1174916667,43,0.0
16.5407683333,-93.1176366667,142,2164.0
16.5407683333,-93.1176366667,153,0.0
16.5407683333,-93.1176366667,149,0.0
16.5407683333,-93.1176366667,23,0.0
16.5407683333,-93.1176366667,136,0.0
16.5407683333,-93.1176366667,43,0.0
16.5407683333,-93.1176366667,114,0.0
16.5407683333,-93.1176366667,114,0.0
16.5407683333,-93.1176366667,42,0.0
16.5182416667,-93.1054466667,42,2821.0
16.5182416667,-93.1054466667,29,0.0
16.5182416667,-93.1054466667,30,0.0
16.5182416667,-93.1054466667,42,0.0
16.5182416667,-93.1054466667,114,0.0
16.5182416667,-93.1054466667,18,0.0
16.5182416667,-93.1054466667,42,0.0
16.5182416667,-93.1054466667,34,0.0
16.4914133333,-93.1119533333,18,3062.0
16.4914133333,-93.1119533333,34,0.0
16.4914133333,-93.1119533333,34,0.0
16.4914133333,-93.1119533333,34,0.0
16.4914133333,-93.1119533333,23,0.0
16.4914133333,-93.1119533333,23,0.0
16.4914133333,-93.1119533333,115,0.0
16.4914133333,-93.1119533333,18,0.0
16.4914133333,-93.1119533333,43,0.0
16.46559,-93.12256,43,3085.0
16.46559,-93.12256,137,0.0
16.46559,-93.12256,23,0.0
16.46559,-93.12256,147,0.0
16.46559,-93.12256,29,0.0
16.46559,-93.12256,19,0.0
16.46559,-93.12256,43,0.0
16.46559,-93.12256,114,0.0
16.46559,-93.12256,114,0.0
16.43925,-93.1306383333,114,3052.0
16.43925,-93.1306383333,114,0.0
16.43925,-93.1306383333,114,0.0
16.43925,-93.1306383333,128,0.0
16.43925,-93.1306383333,21,0.0
16.43925,-93.1306383333,19,0.0
16.43925,-93.1306383333,23,0.0
16.43925,-93.1306383333,19,0.0
16.4132466667,-93.140375,23,3071.0
16.4132466667,-93.140375,118,0.0
16.4132466667,-93.140375,115,0.0
16.4132466667,-93.140375,23,0.0
16.4132466667,-93.140375,23,0.0
16.4132466667,-93.140375,23,0.0
16.4132466667,-93.140375,21,0.0
16.4132466667,-93.140375,43,0.0
16.4132466667,-93.140375,42,0.0
16.3888583333,-93.15275,43,3015.0
16.3888583333,-93.15275,43,0.0
16.3888583333,-93.15275,30,0.0
16.3888583333,-93.15275,23,0.0
16.3888583333,-93.15275,21,0.0
16.3888583333,-93.15275,49,0.0
16.3888583333,-93.15275,8,0.0
16.3888583333,-93.15275,20,0.0
16.36741,-93.1671666667,43,2837.0
16.36741,-93.1671666667,43,0.0
16.36741,-93.1671666667,49,0.0
16.36741,-93.1671666667,43,0.0
16.36741,-93.1671666667,42,0.0
16.36741,-93.1671666667,114,0.0
16.36741,-93.1671666667,43,0.0
16.36741,-93.1671666667,115,0.0
16.36741,-93.1671666667,105,0.0
16.35169,-93.1840816667,114,2512.0
16.35169,-93.1840816667,129,0.0
16.35169,-93.1840816667,129,0.0
16.35169,-93.1840816667,114,0.0
16.35169,-93.1840816667,114,0.0
16.35169,-93.1840816667,115,0.0
16.35169,-93.1840816667,129,0.0
16.35169,-93.1840816667,114,0.0
16.3340666667,-93.2109666667,114,3473.0
16.3340666667,-93.2109666667,19,0.0
16.3340666667,-93.2109666667,114,0.0
16.3340666667,-93.2109666667,30,0.0
16.3340666667,-93.2109666667,30,0.0
16.3340666667,-93.2109666667,35,0.0
16.3340666667,-93.2109666667,43,0.0
16.3340666667,-93.2109666667,43,0.0
16.3340666667,-93.2109666667,30,0.0
16.3111033333,-93.2349216667,19,3612.0
16.3111033333,-93.2349216667,19,0.0
16.3111033333,-93.2349216667,21,0.0
16.3111033333,-93.2349216667,21,0.0
16.3111033333,-93.2349216667,20,0.0
16.3111033333,-93.2349216667,30,0.0
16.3111033333,-93.2349216667,61,0.0
16.3111033333,-93.2349216667,115,0.0
16.3111033333,-93.2349216667,29,0.0
16.28858,-93.2578133333,42,3497.0
16.28858,-93.2578133333,23,1.0
16.28858,-93.2578133333,21,1.0
16.28858,-93.2578133333,114,1.0
16.28858,-93.2578133333,23,1.0
16.28858,-93.2578133333,24,1.0
16.28858,-93.2578133333,21,1.0
16.28858,-93.2578133333,23,1.0
16.2718266667,-93.2833933333,43,3304.0
16.2718266667,-93.2833933333,21,0.0
16.2718266667,-93.2833933333,21,0.0
16.2718266667,-93.2833933333,21,0.0
16.2718266667,-93.2833933333,20,0.0
16.2718266667,-93.2833933333,43,0.0
16.2718266667,-93.2833933333,20,0.0
16.2718266667,-93.2833933333,42,0.0
16.2718266667,-93.2833933333,61,0.0
16.259265,-93.3100933333,23,3173.0
16.259265,-93.3100933333,30,0.0
16.259265,-93.3100933333,43,0.0
16.259265,-93.3100933333,42,0.0
16.259265,-93.3100933333,15,0.0
16.259265,-93.3100933333,42,0.0
16.259265,-93.3100933333,43,0.0
16.259265,-93.3100933333,42,0.0
16.256455,-93.340435,43,3253.0
16.256455,-93.340435,43,1.0
16.256455,-93.340435,43,1.0
16.256455,-93.340435,43,1.0
16.256455,-93.340435,21,1.0
16.256455,-93.340435,23,1.0
16.256455,-93.340435,31,1.0
16.256455,-93.340435,31,1.0
16.256455,-93.340435,23,1.0
16.2592916667,-93.3695383333,21,3121.0
16.2592916667,-93.3695383333,15,0.0
16.2592916667,-93.3695383333,23,0.0
16.2592916667,-93.3695383333,31,0.0
16.2592916667,-93.3695383333,20,0.0
16.2592916667,-93.3695383333,42,0.0
16.2592916667,-93.3695383333,23,0.0
16.2592916667,-93.3695383333,37,0.0
16.2617783333,-93.3987833333,23,3133.0
16.2617783333,-93.3987833333,23,1.0
16.2617783333,-93.3987833333,37,1.0
16.2617783333,-93.3987833333,39,1.0
16.2617783333,-93.3987833333,34,1.0
16.2617783333,-93.3987833333,30,1.0
16.2617783333,-93.3987833333,39,1.0
16.2617783333,-93.3987833333,61,1.0
16.2617783333,-93.3987833333,43,1.0
16.2615283333,-93.4266933333,31,2978.0
16.2615283333,-93.4266933333,43,0.0
16.2615283333,-93.4266933333,30,0.0
16.2615283333,-93.4266933333,31,0.0
16.2615283333,-93.4266933333,19,0.0
16.2615283333,-93.4266933333,23,0.0
16.2615283333,-93.4266933333,43,0.0
16.2615283333,-93.4266933333,15,0.0
16.2608066667,-93.44876,23,2356.0
16.2608066667,-93.44876,15,0.0
16.2608066667,-93.44876,15,0.0
16.2608066667,-93.44876,15,0.0
16.2608066667,-93.44876,114,0.0
16.2608066667,-93.44876,15,0.0
16.2608066667,-93.44876,114,0.0
16.2608066667,-93.44876,15,0.0
16.2608066667,-93.44876,15,0.0
16.2625166667,-93.4677066667,15,2031.0
16.2625166667,-93.4677066667,15,0.0
16.2625166667,-93.4677066667,61,0.0
16.2625166667,-93.4677066667,61,0.0
16.2625166667,-93.4677066667,61,0.0
16.2625166667,-93.4677066667,129,0.0
16.2625166667,-93.4677066667,105,0.0
16.2625166667,-93.4677066667,128,0.0
16.2624683333,-93.485995,114,1952.0
16.2624683333,-93.485995,129,0.0
16.2624683333,-93.485995,105,0.0
16.2624683333,-93.485995,105,0.0
16.2624683333,-93.485995,105,0.0
16.2624683333,-93.485995,114,0.0
16.2624683333,-93.485995,114,0.0
16.2624683333,-93.485995,114,0.0
16.2624683333,-93.485995,114,0.0
16.2610283333,-93.5054966667,105,2087.0
16.2610283333,-93.5054966667,114,0.0
16.2610283333,-93.5054966667,114,0.0
16.2610283333,-93.5054966667,105,0.0
16.2610283333,-93.5054966667,61,0.0
16.2610283333,-93.5054966667,114,0.0
16.2610283333,-93.5054966667,114,0.0
16.2610283333,-93.5054966667,43,0.0
16.2612416667,-93.5251016667,42,2092.0
16.2612416667,-93.5251016667,124,0.0
16.2612416667,-93.5251016667,129,0.0
16.2612416667,-93.5251016667,129,0.0
16.2612416667,-93.5251016667,136,0.0
16.2612416667,-93.5251016667,136,0.0
16.2612416667,-93.5251016667,129,0.0
16.2612416667,-93.5251016667,129,0.0
16.2612416667,-93.5251016667,128,0.0
16.26366,-93.5474466667,128,2400.0
16.26366,-93.5474466667,128,1.0
16.26366,-93.5474466667,128,1.0
16.26366,-93.5474466667,128,1.0
16.26366,-93.5474466667,129,1.0
16.26366,-93.5474466667,129,1.0
16.26366,-93.5474466667,129,1.0
16.26366,-93.5474466667,114,1.0
16.2638916667,-93.5722366667,128,2645.0
16.2638916667,-93.5722366667,129,0.0
16.2638916667,-93.5722366667,129,0.0
16.2638916667,-93.5722366667,129,0.0
16.2638916667,-93.5722366667,114,0.0
16.2638916667,-93.5722366667,105,0.0
16.2638916667,-93.5722366667,114,0.0
16.2638916667,-93.5722366667,114,0.0
16.2638916667,-93.5722366667,129,0.0
16.2627266667,-93.6006166667,114,3031.0
16.2627266667,-93.6006166667,129,0.0
16.2627266667,-93.6006166667,128,0.0
16.2627266667,-93.6006166667,128,0.0
16.2627266667,-93.6006166667,114,0.0
16.2627266667,-93.6006166667,128,0.0
16.2627266667,-93.6006166667,129,0.0
16.2627266667,-93.6006166667,128,0.0
16.2577633333,-93.62849,129,3025.0
16.2577633333,-93.62849,129,0.0
16.2577633333,-93.62849,129,0.0
16.2577633333,-93.62849,129,0.0
16.2577633333,-93.62849,19,0.0
16.2577633333,-93.62849,129,0.0
16.2577633333,-93.62849,114,0.0
16.2577633333,-93.62849,114,0.0
16.2577633333,-93.62849,114,0.0
16.252095,-93.6552683333,115,2926.0
16.252095,-93.6552683333,114,0.0
16.252095,-93.6552683333,115,0.0
16.252095,-93.6552683333,129,0.0
16.252095,-93.6552683333,114,0.0
16.252095,-93.6552683333,115,0.0
16.252095,-93.6552683333,128,0.0
16.252095,-93.6552683333,128,0.0
16.2449566667,-93.6778783333,114,2540.0
16.2449566667,-93.6778783333,114,0.0
16.2449566667,-93.6778783333,128,0.0
16.2449566667,-93.6778783333,128,0.0
16.2449566667,-93.6778783333,114,0.0
16.2449566667,-93.6778783333,114,0.0
16.2449566667,-93.6778783333,114,0.0
16.2449566667,-93.6778783333,114,0.0
16.2449566667,-93.6778783333,114,0.0
16.2367266667,-93.7010966667,128,2641.0
16.2367266667,-93.7010966667,114,0.0
16.2367266667,-93.7010966667,114,0.0
16.2367266667,-93.7010966667,114,0.0
16.2367266667,-93.7010966667,114,0.0
16.2367266667,-93.7010966667,114,0.0
16.2367266667,-93.7010966667,114,0.0
16.2367266667,-93.7010966667,105,0.0
16.23139,-93.725245,114,2645.0
16.23139,-93.725245,105,0.0
16.23139,-93.725245,129,0.0
16.23139,-93.725245,129,0.0
16.23139,-93.725245,129,0.0
16.23139,-93.725245,136,0.0
16.23139,-93.725245,152,0.0
16.23139,-93.725245,129,0.0
16.23139,-93.725245,129,0.0
16.228155,-93.752155,129,2894.0
16.228155,-93.752155,129,0.0
16.228155,-93.752155,129,0.0
16.228155,-93.752155,145,0.0
16.228155,-93.752155,136,0.0
16.228155,-93.752155,136,0.0
16.228155,-93.752155,136,0.0
16.228155,-93.752155,129,0.0
16.228155,-93.752155,136,0.0
16.2260616667,-93.782825,129,3281.0
16.2260616667,-93.782825,140,0.0
16.2260616667,-93.782825,137,0.0
16.2260616667,-93.782825,130,0.0
16.2260616667,-93.782825,136,0.0
16.2260616667,-93.782825,148,0.0
16.2260616667,-93.782825,140,0.0
16.2260616667,-93.782825,148,0.0
16.2233566667,-93.812705,149,3203.0
16.2233566667,-93.812705,149,1.0
16.2233566667,-93.812705,145,1.0
16.2233566667,-93.812705,147,1.0
16.2233566667,-93.812705,145,1.0
16.2233566667,-93.812705,145,1.0
16.2233566667,-93.812705,145,1.0
16.2233566667,-93.812705,142,1.0
16.2233566667,-93.812705,147,1.0
16.214485,-93.842285,145,3307.0
16.214485,-93.842285,145,0.0
16.214485,-93.842285,147,0.0
16.214485,-93.842285,128,0.0
16.214485,-93.842285,128,0.0
16.214485,-93.842285,128,0.0
16.214485,-93.842285,147,0.0
16.214485,-93.842285,148,0.0
16.200455,-93.87149,137,3485.0
16.200455,-93.87149,130,0.0
16.200455,-93.87149,138,0.0
16.200455,-93.87149,138,0.0
16.200455,-93.87149,147,0.0
16.200455,-93.87149,148,0.0
16.200455,-93.87149,147,0.0
16.200455,-93.87149,136,0.0
16.200455,-93.87149,21,0.0
16.2054783333,-93.9036483333,137,3478.0
16.2054783333,-93.9036483333,136,1.0
16.2054783333,-93.9036483333,128,1.0
16.2054783333,-93.9036483333,150,1.0
16.2054783333,-93.9036483333,129,1.0
16.2054783333,-93.9036483333,23,1.0
16.2054783333,-93.9036483333,128,1.0
16.2054783333,-93.9036483333,128,1.0
16.2114433333,-93.9363883333,114,3557.0
16.2114433333,-93.9363883333,128,0.0
16.2114433333,-93.9363883333,128,0.0
16.2114433333,-93.9363883333,23,0.0
16.2114433333,-93.9363883333,130,0.0
16.2114433333,-93.9363883333,129,0.0
16.2114433333,-93.9363883333,30,0.0
16.2114433333,-93.9363883333,19,0.0
16.2114433333,-93.9363883333,19,0.0
16.2031883333,-93.9687466667,30,3573.0
16.2031883333,-93.9687466667,21,0.0
16.2031883333,-93.9687466667,43,0.0
16.2031883333,-93.9687466667,21,0.0
16.2031883333,-93.9687466667,23,0.0
16.2031883333,-93.9687466667,16,0.0
16.2031883333,-93.9687466667,145,0.0
16.2031883333,-93.9687466667,145,0.0
16.21087,-93.9964383333,142,3077.0
16.21087,-93.9964383333,145,0.0
16.21087,-93.9964383333,149,0.0
16.21087,-93.9964383333,151,0.0
16.21087,-93.9964383333,147,0.0
16.21087,-93.9964383333,21,0.0
16.21087,-93.9964383333,15,0.0
16.21087,-93.9964383333,144,0.0
16.21087,-93.9964383333,144,0.0
16.2243933333,-93.9787216667,149,2416.0
16.2243933333,-93.9787216667,19,1.0
16.2243933333,-93.9787216667,30,1.0
16.2243933333,-93.9787216667,21,1.0
16.2243933333,-93.9787216667,26,1.0
16.2243933333,-93.9787216667,23,1.0
16.2243933333,-93.9787216667,23,1.0
16.2243933333,-93.9787216667,31,1.0
16.2009666667,-93.9841116667,23,2667.0
16.2009666667,-93.9841116667,23,0.0
16.2009666667,-93.9841116667,21,0.0
16.2009666667,-93.9841116667,23,0.0
16.2009666667,-93.9841116667,30,0.0
16.2009666667,-93.9841116667,23,0.0
16.2009666667,-93.9841116667,15,0.0
16.2009666667,-93.9841116667,15,0.0
16.2009666667,-93.9841116667,23,0.0
16.2193733333,-93.9912216667,20,2182.0
16.2193733333,-93.9912216667,19,0.0
16.2193733333,-93.9912216667,20,0.0
16.2193733333,-93.9912216667,16,0.0
16.2193733333,-93.9912216667,23,0.0
16.2193733333,-93.9912216667,28,0.0
16.2193733333,-93.9912216667,23,0.0
16.2193733333,-93.9912216667,30,0.0
16.2230333333,-93.9663866667,15,2682.0
16.2230333333,-93.9663866667,151,0.0
16.2230333333,-93.9663866667,155,0.0
16.2230333333,-93.9663866667,153,0.0
16.2230333333,-93.9663866667,149,0.0
16.2230333333,-93.9663866667,24,0.0
16.2230333333,-93.9663866667,20,0.0
16.2230333333,-93.9663866667,23,0.0
16.2271783333,-93.95952,31,866.0
16.2271783333,-93.95952,43,0.0
16.2271783333,-93.95952,23,0.0
16.2271783333,-93.95952,20,0.0
16.2271783333,-93.95952,15,0.0
16.2271783333,-93.95952,149,0.0
16.2271783333,-93.95952,152,0.0
16.2271783333,-93.95952,150,0.0
16.2271783333,-93.95952,15,0.0
16.2241766667,-93.985405,23,2783.0
16.2241766667,-93.985405,15,1.0
16.2241766667,-93.985405,21,1.0
16.2241766667,-93.985405,19,1.0
16.2241766667,-93.985405,20,1.0
16.2241766667,-93.985405,21,1.0
16.2241766667,-93.985405,20,1.0
16.2241766667,-93.985405,43,1.0
16.2161633333,-93.9674466667,18,2114.0
16.2161633333,-93.9674466667,21,0.0
16.2161633333,-93.9674466667,23,0.0
16.2161633333,-93.9674466667,23,0.0
16.2161633333,-93.9674466667,20,0.0
16.2161633333,-93.9674466667,23,0.0
16.2161633333,-93.9674466667,21,0.0
16.2161633333,-93.9674466667,19,0.0
16.2161633333,-93.9674466667,16,0.0
16.2257283333,-93.971935,16,1166.0
16.2257283333,-93.971935,15,0.0
16.2257283333,-93.971935,15,0.0
16.2257283333,-93.971935,15,0.0
16.2257283333,-93.971935,15,0.0
16.2257283333,-93.971935,15,0.0
16.2257283333,-93.971935,21,0.0
16.2257283333,-93.971935,20,0.0
16.230615,-93.9723016667,23,545.0
16.230615,-93.9723016667,21,0.0
16.230615,-93.9723016667,23,0.0
16.230615,-93.9723016667,23,0.0
16.230615,-93.9723016667,23,0.0
16.230615,-93.9723016667,23,0.0
16.230615,-93.9723016667,21,0.0
16.230615,-93.9723016667,128,0.0
16.230615,-93.9723016667,23,0.0
16.2205283333,-93.9465516667,29,2968.0
16.2205283333,-93.9465516667,15,0.0
16.2205283333,-93.9465516667,18,0.0
16.2205283333,-93.9465516667,15,0.0
16.2205283333,-93.9465516667,20,0.0
16.2205283333,-93.9465516667,18,0.0
16.2205283333,-93.9465516667,18,0.0
16.2205283333,-93.9465516667,15,0.0
16.2190783333,-93.919935,23,2845.0
16.2190783333,-93.919935,18,0.0
16.2190783333,-93.919935,19,0.0
16.2190783333,-93.919935,15,0.0
16.2190783333,-93.919935,147,0.0
16.2190783333,-93.919935,128,0.0
16.2190783333,-93.919935,147,0.0
16.2190783333,-93.919935,128,0.0
16.23327,-93.8971433333,128,2899.0
16.23327,-93.8971433333,18,1.0
16.23327,-93.8971433333,20,1.0
16.23327,-93.8971433333,15,1.0
16.23327,-93.8971433333,18,1.0
16.23327,-93.8971433333,18,1.0
16.23327,-93.8971433333,20,1.0
16.23327,-93.8971433333,19,1.0
16.23327,-93.8971433333,129,1.0
16.2485833333,-93.878075,20,2653.0
16.2485833333,-93.878075,18,0.0
16.2485833333,-93.878075,18,0.0
16.2485833333,-93.878075,15,0.0
16.2485833333,-93.878075,20,0.0
16.2485833333,-93.878075,19,0.0
16.2485833333,-93.878075,16,0.0
16.2485833333,-93.878075,16,0.0
16.2622383333,-93.862605,15,2243.0
16.2622383333,-93.862605,43,0.0
16.2622383333,-93.862605,23,0.0
16.2622383333,-93.862605,129,0.0
16.2622383333,-93.862605,16,0.0
16.2622383333,-93.862605,23,0.0
16.2622383333,-93.862605,20,0.0
16.2622383333,-93.862605,129,0.0
16.2622383333,-93.862605,16,0.0
16.27632,-93.8458716667,150,2375.0
16.27632,-93.8458716667,148,0.0
16.27632,-93.8458716667,129,0.0
16.27632,-93.8458716667,129,0.0
16.27632,-93.8458716667,15,0.0
16.27632,-93.8458716667,129,0.0
16.27632,-93.8458716667,23,0.0
16.27632,-93.8458716667,147,0.0
16.290755,-93.8280283333,152,2490.0
16.290755,-93.8280283333,150,0.0
16.290755,-93.8280283333,148,0.0
16.290755,-93.8280283333,148,0.0
16.290755,-93.8280283333,15,0.0
16.290755,-93.8280283333,16,0.0
16.290755,-93.8280283333,16,0.0
16.290755,-93.8280283333,151,0.0
16.290755,-93.8280283333,15,0.0
16.3061733333,-93.8100133333,149,2575.0
16.3061733333,-93.8100133333,23,1.0
16.3061733333,-93.8100133333,148,1.0
16.3061733333,-93.8100133333,15,1.0
16.3061733333,-93.8100133333,19,1.0
16.3061733333,-93.8100133333,15,1.0
16.3061733333,-93.8100133333,15,1.0
16.3061733333,-93.8100133333,15,1.0
16.3208866667,-93.7916733333,15,2550.0
16.3208866667,-93.7916733333,15,0.0
16.3208866667,-93.7916733333,23,0.0
16.3208866667,-93.7916733333,18,0.0
16.3208866667,-93.7916733333,114,0.0
16.3208866667,-93.7916733333,129,0.0
16.3208866667,-93.7916733333,152,0.0
16.3208866667,-93.7916733333,43,0.0
16.3208866667,-93.7916733333,150,0.0
16.3331583333,-93.7789166667,152,1927.0
16.3331583333,-93.7789166667,152,0.0
16.3331583333,-93.7789166667,152,0.0
16.3331583333,-93.7789166667,147,0.0
16.3331583333,-93.7789166667,137,0.0
16.3331583333,-93.7789166667,114,0.0
16.3331583333,-93.7789166667,114,0.0
16.3331583333,-93.7789166667,43,0.0
16.34431,-93.7585466667,129,2502.0
16.34431,-93.7585466667,15,0.0
16.34431,-93.7585466667,15,0.0
16.34431,-93.7585466667,114,0.0
16.34431,-93.7585466667,43,0.0
16.34431,-93.7585466667,114,0.0
16.34431,-93.7585466667,15,0.0
16.34431,-93.7585466667,129,0.0
16.34431,-93.7585466667,19,0.0
16.3476316667,-93.7319166667,114,2864.0
16.3476316667,-93.7319166667,15,0.0
16.3476316667,-93.7319166667,129,0.0
16.3476316667,-93.7319166667,114,0.0
16.3476316667,-93.7319166667,114,0.0
16.3476316667,-93.7319166667,15,0.0
16.3476316667,-93.7319166667,124,0.0
16.3476316667,-93.7319166667,128,0.0
16.3445266667,-93.7074816667,150,2629.0
16.3445266667,-93.7074816667,159,0.0
16.3445266667,-93.7074816667,0,0.0
16.3445266667,-93.7074816667,159,0.0
16.3445266667,-93.7074816667,157,0.0
16.3445266667,-93.7074816667,49,0.0
16.3445266667,-93.7074816667,15,0.0
16.3445266667,-93.7074816667,150,0.0
16.3393833333,-93.69012,149,1938.0
16.3393833333,-93.69012,156,0.0
16.3393833333,-93.69012,163,0.0
16.3393833333,-93.69012,166,0.0
16.3393833333,-93.69012,43,0.0
16.3393833333,-93.69012,49,0.0
16.3393833333,-93.69012,160,0.0
16.3393833333,-93.69012,160,0.0
16.3393833333,-93.69012,61,0.0
16.3328533333,-93.6675083333,43,2519.0
16.3328533333,-93.6675083333,157,0.0
16.3328533333,-93.6675083333,114,0.0
16.3328533333,-93.6675083333,114,0.0
16.3328533333,-93.6675083333,114,0.0
16.3328533333,-93.6675083333,43,0.0
16.3328533333,-93.6675083333,43,0.0
16.3328533333,-93.6675083333,42,0.0
16.3169333333,-93.64638,43,2865.0
16.3169333333,-93.64638,160,0.0
16.3169333333,-93.64638,114,0.0
16.3169333333,-93.64638,160,0.0
16.3169333333,-93.64638,42,0.0
16.3169333333,-93.64638,43,0.0
16.3169333333,-93.64638,114,0.0
16.3169333333,-93.64638,158,0.0
16.3169333333,-93.64638,42,0.0
16.3006616667,-93.6240866667,43,2988.0
16.3006616667,-93.6240866667,23,0.0
16.3006616667,-93.6240866667,19,0.0
16.3006616667,-93.6240866667,114,0.0
16.3006616667,-93.6240866667,114,0.0
16.3006616667,-93.6240866667,128,0.0
16.3006616667,-93.6240866667,145,0.0
16.3006616667,-93.6240866667,151,0.0
16.2857716667,-93.6009883333,136,2969.0
16.2857716667,-93.6009883333,137,0.0
16.2857716667,-93.6009883333,147,0.0
16.2857716667,-93.6009883333,150,0.0
16.2857716667,-93.6009883333,152,0.0
16.2857716667,-93.6009883333,156,0.0
16.2857716667,-93.6009883333,42,0.0
16.2857716667,-93.6009883333,43,0.0
16.2857716667,-93.6009883333,157,0.0
16.2707416667,-93.5794133333,42,2844.0
16.2707416667,-93.5794133333,43,1.0
16.2707416667,-93.5794133333,43,1.0
16.2707416667,-93.5794133333,114,1.0
16.2707416667,-93.5794133333,114,1.0
16.2707416667,-93.5794133333,147,1.0
16.2707416667,-93.5794133333,114,1.0
16.2707416667,-93.5794133333,147,1.0
16.2542466667,-93.55808,147,2923.0
16.2542466667,-93.55808,114,0.0
16.2542466667,-93.55808,114,0.0
16.2542466667,-93.55808,152,0.0
16.2542466667,-93.55808,105,0.0
16.2542466667,-93.55808,129,0.0
16.2542466667,-93.55808,114,0.0
16.2542466667,-93.55808,114,0.0
16.2542466667,-93.55808,147,0.0
16.2371316667,-93.53673,150,2968.0
16.2371316667,-93.53673,43,1.0
16.2371316667,-93.53673,43,1.0
16.2371316667,-93.53673,43,1.0
16.2371316667,-93.53673,43,1.0
16.2371316667,-93.53673,43,1.0
16.2371316667,-93.53673,152,1.0
16.2371316667,-93.53673,43,1.0
16.2249933333,-93.5158666667,42,2604.0
16.2249933333,-93.5158666667,43,0.0
16.2249933333,-93.5158666667,43,0.0
16.2249933333,-93.5158666667,43,0.0
16.2249933333,-93.5158666667,43,0.0
16.2249933333,-93.5158666667,43,0.0
16.2249933333,-93.5158666667,43,0.0
16.2249933333,-93.5158666667,43,0.0
16.2127883333,-93.48831,43,3239.0
16.2127883333,-93.48831,42,0.0
16.2127883333,-93.48831,43,0.0
16.2127883333,-93.48831,124,0.0
16.2127883333,-93.48831,42,0.0
16.2127883333,-93.48831,43,0.0
16.2127883333,-93.48831,42,0.0
16.2127883333,-93.48831,42,0.0
16.2127883333,-93.48831,20,0.0
16.1990483333,-93.46059,23,3330.0
16.1990483333,-93.46059,18,0.0
16.1990483333,-93.46059,147,0.0
16.1990483333,-93.46059,23,0.0
16.1990483333,-93.46059,43,0.0
16.1990483333,-93.46059,42,0.0
16.1990483333,-93.46059,23,0.0
16.1990483333,-93.46059,43,0.0
16.186295,-93.4310716667,43,3455.0
16.186295,-93.4310716667,42,0.0
16.186295,-93.4310716667,135,0.0
16.186295,-93.4310716667,16,0.0
16.186295,-93.4310716667,23,0.0
16.186295,-93.4310716667,15,0.0
16.186295,-93.4310716667,114,0.0
16.186295,-93.4310716667,137,0.0
16.186295,-93.4310716667,114,0.0
16.17302,-93.4035833333,129,3284.0
16.17302,-93.4035833333,114,1.0
16.17302,-93.4035833333,115,1.0
16.17302,-93.4035833333,43,1.0
16.17302,-93.4035833333,114,1.0
16.17302,-93.4035833333,129,1.0
16.17302,-93.4035833333,147,1.0
16.17302,-93.4035833333,114,1.0
16.1621783333,-93.3824333333,114,2559.0
16.1621783333,-93.3824333333,114,1.0
16.1621783333,-93.3824333333,152,1.0
16.1621783333,-93.3824333333,114,1.0
16.1621783333,-93.3824333333,114,1.0
16.1621783333,-93.3824333333,61,1.0
16.1621783333,-93.3824333333,42,1.0
16.1621783333,-93.3824333333,42,1.0
16.1483816667,-93.3620333333,43,2664.0
16.1483816667,-93.3620333333,152,0.0
16.1483816667,-93.3620333333,43,0.0
16.1483816667,-93.3620333333,61,0.0
16.1483816667,-93.3620333333,23,0.0
16.1483816667,-93.3620333333,15,0.0
16.1483816667,-93.3620333333,18,0.0
16.1483816667,-93.3620333333,114,0.0
16.1483816667,-93.3620333333,114,0.0
16.1295883333,-93.34333,114,2890.0
16.1295883333,-93.34333,19,1.0
16.1295883333,-93.34333,19,1.0
16.1295883333,-93.34333,42,1.0
16.1295883333,-93.34333,42,1.0
16.1295883333,-93.34333,43,1.0
16.1295883333,-93.34333,114,1.0
16.1295883333,-93.34333,43,1.0
16.10594,-93.323405,19,3382.0
16.10594,-93.323405,129,0.0
16.10594,-93.323405,43,0.0
16.10594,-93.323405,18,0.0
16.10594,-93.323405,20,0.0
16.10594,-93.323405,21,0.0
16.10594,-93.323405,18,0.0
16.10594,-93.323405,15,0.0
16.0871733333,-93.304945,15,2870.0
16.0871733333,-93.304945,43,0.0
16.0871733333,-93.304945,43,0.0
16.0871733333,-93.304945,114,0.0
16.0871733333,-93.304945,129,0.0
16.0871733333,-93.304945,129,0.0
16.0871733333,-93.304945,114,0.0
16.0871733333,-93.304945,128,0.0
16.0871733333,-93.304945,129,0.0
16.0899983333,-93.3212016667,129,1765.0
16.0899983333,-93.3212016667,129,0.0
16.0899983333,-93.3212016667,18,0.0
16.0899983333,-93.3212016667,137,0.0
16.0899983333,-93.3212016667,138,0.0
16.0899983333,-93.3212016667,43,0.0
16.0899983333,-93.3212016667,115,0.0
16.0899983333,-93.3212016667,128,0.0
16.09921,-93.3010566667,20,2383.0
16.09921,-93.3010566667,21,0.0
16.09921,-93.3010566667,130,0.0
16.09921,-93.3010566667,129,0.0
16.09921,-93.3010566667,114,0.0
16.09921,-93.3010566667,15,0.0
16.09921,-93.3010566667,23,0.0
16.09921,-93.3010566667,23,0.0
16.0772483333,-93.3040933333,23,2463.0
16.0772483333,-93.3040933333,16,0.0
16.0772483333,-93.3040933333,149,0.0
16.0772483333,-93.3040933333,21,0.0
16.0772483333,-93.3040933333,21,0.0
16.0772483333,-93.3040933333,15,0.0
16.0772483333,-93.3040933333,137,0.0
16.0772483333,-93.3040933333,19,0.0
16.0772483333,-93.3040933333,21,0.0
16.09571,-93.31269,23,2248.0
16.09571,-93.31269,18,0.0
16.09571,-93.31269,19,0.0
16.09571,-93.31269,16,0.0
16.09571,-93.31269,15,0.0
16.09571,-93.31269,18,0.0
16.09571,-93.31269,21,0.0
16.09571,-93.31269,15,0.0
16.1193066667,-93.2980166667,115,3055.0
16.1193066667,-93.2980166667,115,0.0
16.1193066667,-93.2980166667,43,0.0
16.1193066667,-93.2980166667,15,0.0
16.1193066667,-93.2980166667,43,0.0
16.1193066667,-93.2980166667,114,0.0
16.1193066667,-93.2980166667,23,0.0
16.1193066667,-93.2980166667,43,0.0
16.1193066667,-93.2980166667,30,0.0
16.1450016667,-93.28429,30,3210.0
16.1450016667,-93.28429,31,0.0
16.1450016667,-93.28429,41,0.0
16.1450016667,-93.28429,34,0.0
16.1450016667,-93.28429,43,0.0
16.1450016667,-93.28429,43,0.0
16.1450016667,-93.28429,43,0.0
16.1450016667,-93.28429,43,0.0
16.1692516667,-93.2702016667,15,3087.0
16.1692516667,-93.2702016667,16,1.0
16.1692516667,-93.2702016667,151,1.0
16.1692516667,-93.2702016667,128,1.0
16.1692516667,-93.2702016667,15,1.0
16.1692516667,-93.2702016667,18,1.0
16.1692516667,-93.2702016667,42,1.0
16.1692516667,-93.2702016667,15,1.0
16.19432,-93.2584816667,34,3054.0
16.19432,-93.2584816667,49,0.0
16.19432,-93.2584816667,43,0.0
16.19432,-93.2584816667,23,0.0
16.19432,-93.2584816667,15,0.0
16.19432,-93.2584816667,31,0.0
16.19432,-93.2584816667,20,0.0
16.19432,-93.2584816667,42,0.0
16.19432,-93.2584816667,43,0.0
16.22006,-93.250325,8,2991.0
16.22006,-93.250325,0,1.0
16.22006,-93.250325,43,1.0
16.22006,-93.250325,148,1.0
16.22006,-93.250325,147,1.0
16.22006,-93.250325,19,1.0
16.22006,-93.250325,23,1.0
16.22006,-93.250325,23,1.0
16.2403333333,-93.2353333333,31,2764.0
16.2403333333,-93.2353333333,43,0.0
16.2403333333,-93.2353333333,43,0.0
16.2403333333,-93.2353333333,43,0.0
16.2403333333,-93.2353333333,129,0.0
16.2403333333,-93.2353333333,23,0.0
16.2403333333,-93.2353333333,114,0.0
16.2403333333,-93.2353333333,43,0.0
16.2593433333,-93.220745,129,2625.0
16.2593433333,-93.220745,145,0.0
16.2593433333,-93.220745,16,0.0
16.2593433333,-93.220745,130,0.0
16.2593433333,-93.220745,138,0.0
16.2593433333,-93.220745,147,0.0
16.2593433333,-93.220745,128,0.0
16.2593433333,-93.220745,128,0.0
16.2593433333,-93.220745,129,0.0
16.2772533333,-93.2070533333,147,2469.0
16.2772533333,-93.2070533333,136,0.0
16.2772533333,-93.2070533333,136,0.0
16.2772533333,-93.2070533333,135,0.0
16.2772533333,-93.2070533333,128,0.0
16.2772533333,-93.2070533333,137,0.0
16.2772533333,-93.2070533333,152,0.0
16.2772533333,-93.2070533333,23,0.0
16.2951966667,-93.1917016667,42,2581.0
16.2951966667,-93.1917016667,114,0.0
16.2951966667,-93.1917016667,114,0.0
16.2951966667,-93.1917016667,114,0.0
16.2951966667,-93.1917016667,114,0.0
16.2951966667,-93.1917016667,114,0.0
16.2951966667,-93.1917016667,43,0.0
16.2951966667,-93.1917016667,114,0.0
16.3155666667,-93.1732216667,130,3002.0
16.3155666667,-93.1732216667,129,0.0
16.3155666667,-93.1732216667,130,0.0
16.3155666667,-93.1732216667,129,0.0
16.3155666667,-93.1732216667,129,0.0
16.3155666667,-93.1732216667,128,0.0
16.3155666667,-93.1732216667,42,0.0
16.33817,-93.15333,42,3288.0
16.33817,-93.15333,42,0.0
16.33817,-93.15333,114,0.0
16.33817,-93.15333,114,0.0
16.33817,-93.15333,128,0.0
16.33817,-93.15333,43,0.0
16.33817,-93.15333,42,0.0
16.33817,-93.15333,43,0.0
16.3598983333,-93.1363983333,43,3016.0
16.3598983333,-93.1363983333,115,0.0
16.3598983333,-93.1363983333,43,0.0
16.3598983333,-93.1363983333,115,0.0
16.3598983333,-93.1363983333,130,0.0
16.3598983333,-93.1363983333,43,0.0
16.3598983333,-93.1363983333,138,0.0
16.380335,-93.1199016667,130,2873.0
16.380335,-93.1199016667,144,1.0
16.380335,-93.1199016667,146,1.0
16.380335,-93.1199016667,145,1.0
16.380335,-93.1199016667,152,1.0
16.380335,-93.1199016667,145,1.0
16.380335,-93.1199016667,147,1.0
16.380335,-93.1199016667,152,1.0
16.40107,-93.103845,152,2871.0
16.40107,-93.103845,129,1.0
16.40107,-93.103845,152,1.0
16.40107,-93.103845,150,1.0
16.40107,-93.103845,157,1.0
16.40107,-93.103845,151,1.0
16.40107,-93.103845,151,1.0
16.42236,-93.0870983333,153,2965.0
16.42236,-93.0870983333,149,0.0
16.42236,-93.0870983333,149,0.0
16.42236,-93.0870983333,138,0.0
16.42236,-93.0870983333,138,0.0
16.42236,-93.0870983333,149,0.0
16.42236,-93.0870983333,152,0.0
16.42236,-93.0870983333,130,0.0
16.44933,-93.065885,149,3755.0
16.44933,-93.065885,151,0.0
16.44933,-93.065885,43,0.0
16.44933,-93.065885,129,0.0
16.44933,-93.065885,153,0.0
16.44933,-93.065885,43,0.0
16.44933,-93.065885,150,0.0
16.4754766667,-93.0430366667,159,3792.0
16.4754766667,-93.0430366667,28,1.0
16.4754766667,-93.0430366667,173,1.0
16.4754766667,-93.0430366667,150,1.0
16.4754766667,-93.0430366667,148,1.0
16.4754766667,-93.0430366667,148,1.0
16.4754766667,-93.0430366667,173,1.0
16.4754766667,-93.0430366667,43,1.0
16.4992933333,-93.0216916667,43,3490.0
16.4992933333,-93.0216916667,43,1.0
16.4992933333,-93.0216916667,20,1.0
16.4992933333,-93.0216916667,23,1.0
16.4992933333,-93.0216916667,43,1.0
16.4992933333,-93.0216916667,43,1.0
16.4992933333,-93.0216916667,23,1.0
16.5336766667,-93.02896,23,3899.0
16.5336766667,-93.02896,21,1.0
16.5336766667,-93.02896,23,1.0
16.5336766667,-93.02896,238,1.0
16.5336766667,-93.02896,23,1.0
16.5336766667,-93.02896,15,1.0
16.5336766667,-93.02896,43,1.0
16.5336766667,-93.02896,15,1.0
16.5642516667,-93.0296016667,20,3399.0
16.5642516667,-93.0296016667,15,1.0
16.5642516667,-93.0296016667,149,1.0
16.5642516667,-93.0296016667,147,1.0
16.5642516667,-93.0296016667,147,1.0
16.5642516667,-93.0296016667,0,1.0
16.5642516667,-93.0296016667,0,1.0
16.564165,-93.024395,149,555.0
16.564165,-93.024395,0,0.0
16.564165,-93.024395,151,0.0
16.564165,-93.024395,152,0.0
16.564165,-93.024395,24,0.0
16.564165,-93.024395,24,0.0
16.564165,-93.024395,24,0.0
16.564165,-93.024395,24,0.0
16.564165,-93.024395,24,0.0
16.564165,-93.024395,0,0.0
16.564165,-93.024395,15,0.0
16.564165,-93.024395,43,0.0
16.564165,-93.024395,24,0.0
16.564165,-93.024395,23,0.0
16.564165,-93.024395,151,0.0
16.564165,-93.024395,0,0.0
16.564165,-93.024395,148,0.0
16.564165,-93.024395,150,0.0
16.564165,-93.024395,149,0.0
16.564165,-93.024395,21,0.0
16.564165,-93.024395,15,0.0
16.564165,-93.024395,152,0.0
16.564165,-93.024395,19,0.0
16.564165,-93.0235633333,19,89.0
16.564165,-93.0235633333,19,0.0
16.564165,-93.0235633333,19,0.0
16.564165,-93.0235633333,18,0.0
16.564165,-93.0235633333,29,0.0
16.564165,-93.0235633333,21,0.0
16.564165,-93.0235633333,23,0.0
16.564165,-93.0235633333,42,0.0
16.5656983333,-93.0220533333,0,235.0
16.5656983333,-93.0220533333,43,0.0
16.5656983333,-93.0220533333,0,0.0
16.5656983333,-93.0220533333,43,0.0
16.5656983333,-93.0220533333,52,0.0
16.5656983333,-93.0220533333,44,0.0
16.5656983333,-93.0220533333,46,0.0
16.5656983333,-93.0220533333,43,0.0
16.5656983333,-93.0220533333,44,0.0
16.5656983333,-93.0220533333,37,0.0
16.5656983333,-93.0220533333,18,0.0
16.5656983333,-93.0220533333,18,0.0
16.5656983333,-93.0220533333,19,0.0
16.5656983333,-93.0220533333,19,0.0
16.5656983333,-93.0220533333,239,0.0
16.5656983333,-93.0220533333,18,0.0
16.5656983333,-93.0220533333,20,0.0
16.5656983333,-93.0220533333,20,0.0
16.5656983333,-93.0220533333,18,0.0
16.5656983333,-93.0220533333,20,0.0
