"ID","descripcion","precio","cantidad","fecha"
"[22885,2523346]","rfc","20","2","2019-05-05"
"[22885,2523347]","acta","160","4","2019-05-05"
"[22885,2523349]","oficio","20","1","2019-05-05"
"[22885,2523355]","recibo cfe","30","1","2019-05-05"
"[22885,2523357]","curp","20","2","2019-05-05"
"[22885,2523358]","usb 8gb","180","3","2019-05-05"
"[22885,2523360]","copias","1","50","2019-05-05"
"[22885,2523539]","nss","20","5","2019-05-05"
"[22885,2525763]","recibo cfe","20","1","2019-05-06"
"[22885,2532190]","carta poder","2","1","2019-05-07"
"[22885,2535042]","carpeta","5","2","2019-05-08"
"[22885,2535043]","oficio","20","2","2019-05-08"
"[22885,2535057]","foto","40","1","2019-05-08"
"[22885,2535058]","curp","20","4","2019-05-08"
"[22885,2535061]","recibo cfe","25","0","2019-05-08"
"[22885,2535063]","rfc","25","2","2019-05-08"
"[22885,2535064]","foto","40","1","2019-05-08"
"[22885,2535066]","copias","1","225","2019-05-08"
"[22885,2535067]","usb 8gb","145","0","2019-05-08"
"[22885,2535069]","oficio","25","2","2019-05-08"
"[22885,2535072]","lapicero","6","2","2019-05-08"
"[22885,2538083]","curp","20","3","2019-05-09"
"[22885,2538085]","foto","40","1","2019-05-09"
"[22885,2538086]","copias","1","82","2019-05-09"
"[22885,2538087]","lapicero","6","1","2019-05-09"
"[22885,2538090]","carpeta","5","3","2019-05-09"
"[22885,2550805]","curp","20","3","2019-05-13"
"[22885,2550806]","recibo cfe","25","1","2019-05-13"
"[22885,2550808]","nss","20","2","2019-05-13"
"[22885,2550809]","rfc","25","1","2019-05-13"
"[22885,2550810]","foto","40","5","2019-05-13"
"[22885,2550811]","copias","1","291","2019-05-13"
"[22885,2550812]","solicitud empleo","2","3","2019-05-13"
"[22885,2550813]","lapicero","6","2","2019-05-13"
"[22885,2554970]","curp","20","3","2019-05-14"
"[22885,2554973]","recibo cfe","25","1","2019-05-14"
"[22885,2554976]","foto","40","3","2019-05-14"
"[22885,2554977]","copias","1","218","2019-05-14"
"[22885,2554978]","carpeta","5","3","2019-05-14"
"[22885,2554979]","lapicero","6","2","2019-05-14"
"[22885,2557627]","curp","20","3","2019-05-15"
"[22885,2557628]","recibo cfe","25","2","2019-05-15"
"[22885,2557629]","foto","40","7","2019-05-15"
"[22885,2557630]","copias","1","119","2019-05-15"
"[22885,2557632]","carpeta","5","3","2019-05-15"
"[22885,2557633]","oficio","25","2","2019-05-15"
"[22885,2557634]","solicitud empleo","2","4","2019-05-15"
"[22885,2557635]","lapicero","6","3","2019-05-15"
"[22885,2562608]","curp","20","2","2019-05-16"
"[22885,2562610]","recibo cfe","25","1","2019-05-16"
"[22885,2562613]","foto","40","2","2019-05-16"
"[22885,2562614]","copias","1","212","2019-05-16"
"[22885,2562616]","carpeta","5","2","2019-05-16"
"[22885,2562620]","oficio","25","2","2019-05-16"
"[22885,2562621]","solicitud empleo","2","5","2019-05-16"
"[22885,2562622]","lapicero","6","1","2019-05-16"
"[22885,2566200]","curp","20","4","2019-05-17"
"[22885,2566201]","recibo cfe","25","1","2019-05-17"
"[22885,2566204]","rfc","25","1","2019-05-17"
"[22885,2566206]","foto","40","2","2019-05-17"
"[22885,2566207]","copias","1","336.0","2019-05-17"
"[22885,2566208]","carpeta","5","2","2019-05-17"
"[22885,2566209]","oficio","25","5","2019-05-17"
"[22885,2566210]","lapicero","6","4","2019-05-17"
"[22885,2574608]","curp","20","5","2019-05-20"
"[22885,2574609]","recibo cfe","25","2","2019-05-20"
"[22885,2574611]","foto","40","1","2019-05-20"
"[22885,2574614]","carpeta","5","4","2019-05-20"
"[22885,2574615]","oficio","25","1","2019-05-20"
"[22885,2574617]","lapicero","6","2","2019-05-20"
"[22885,2579516]","curp","20","4","2019-05-21"
"[22885,2579517]","recibo cfe","25","2","2019-05-21"
"[22885,2579519]","rfc","25","2","2019-05-21"
"[22885,2579520]","foto","40","2","2019-05-21"
"[22885,2579521]","copias","1","444.0","2019-05-21"
"[22885,2579522]","carpeta","5","3","2019-05-21"
"[22885,2579523]","lapicero","6","1","2019-05-21"
"[22885,2582995]","curp","20","2","2019-05-22"
"[22885,2582996]","recibo cfe","25","1","2019-05-22"
"[22885,2582997]","foto","40","4","2019-05-22"
"[22885,2582998]","copias","1","414.0","2019-05-22"
"[22885,2582999]","usb 8gb","145","1","2019-05-22"
"[22885,2583000]","carpeta","5","3","2019-05-22"
"[22885,2583002]","lapicero","6","1","2019-05-22"
"[22885,2586874]","curp","20","60.0","2019-05-23"
"[22885,2586875]","foto","40","40.0","2019-05-23"
"[22885,2586876]","copias","1.5","393.0","2019-05-23"
"[22885,2586877]","oficio","25","25.0","2019-05-23"
"[22885,2586878]","carpeta","5","10.0","2019-05-23"
"[22885,2586879]","lapicero","6","6.0","2019-05-23"
"[22885,2586880]","otro","1","30.0","2019-05-23"
"[22885,2592023]","curp","20","60.0","2019-05-24"
"[22885,2592026]","recibo cfe","25","25.0","2019-05-24"
"[22885,2592027]","rfc","25","25.0","2019-05-24"
"[22885,2592028]","foto","40","80.0","2019-05-24"
"[22885,2592030]","copias","1.5","349.5","2019-05-24"
"[22885,2592031]","carpeta","5","20.0","2019-05-24"
"[22885,2592032]","oficio","25","50.0","2019-05-24"
"[22885,2592034]","lapicero","6","6.0","2019-05-24"
"[22885,2592037]","otro","1","24.0","2019-05-24"
"[22885,2609670]","curp","20","80.0","2019-05-28"
"[22885,2609671]","recibo cfe","25","50.0","2019-05-28"
"[22885,2609673]","nss","25","25.0","2019-05-28"
"[22885,2609675]","rfc","25","25.0","2019-05-28"
"[22885,2609676]","foto","40","240.0","2019-05-28"
"[22885,2609677]","copias","1.5","375.0","2019-05-28"
"[22885,2609678]","oficio","25","50.0","2019-05-28"
"[22885,2609679]","carpeta","5","10.0","2019-05-28"
"[22885,2609681]","lapicero","6","12.0","2019-05-28"
"[22885,2609682]","otro","1","12.0","2019-05-28"
"[22885,2617023]","curp","20","40.0","2019-05-30"
"[22885,2617024]","recibo cfe","25","25.0","2019-05-30"
"[22885,2617025]","nss","25","25.0","2019-05-30"
"[22885,2617026]","foto","40","120.0","2019-05-30"
"[22885,2617027]","copias","1.5","342.0","2019-05-30"
"[22885,2617028]","carpeta","5","10.0","2019-05-30"
"[22885,2617031]","lapicero","6","12.0","2019-05-30"
"[22885,2619706]","curp","20","40.0","2019-05-31"
"[22885,2619708]","recibo cfe","25","25.0","2019-05-31"
"[22885,2619709]","rfc","25","50.0","2019-05-31"
"[22885,2619710]","foto","40","200.0","2019-05-31"
"[22885,2619711]","copias","1.5","288.0","2019-05-31"
"[22885,2619712]","carpeta","5","25.0","2019-05-31"
"[22885,2619713]","lapicero","6","12.0","2019-05-31"
"[22885,2628529]","curp","20","60.0","2019-06-03"
"[22885,2628530]","recibo cfe","25","75.0","2019-06-03"
"[22885,2628531]","foto","40","360.0","2019-06-03"
"[22885,2628536]","copias","1.5","309.0","2019-06-03"
"[22885,2628537]","carpeta","5","10.0","2019-06-03"
"[22885,2628538]","carta poder","2","4.0","2019-06-03"
"[22885,2628539]","lapicero","6","6.0","2019-06-03"
"[22885,2633853]","curp","20","80.0","2019-06-05"
"[22885,2633854]","recibo cfe","25","50.0","2019-06-05"
"[22885,2633855]","foto","40","240.0","2019-06-05"
"[22885,2633856]","copias","1.5","292.5","2019-06-05"
"[22885,2633857]","carpeta","5","10.0","2019-06-05"
"[22885,2633859]","lapicero","6","18.0","2019-06-05"
"[22885,2637800]","curp","20","60.0","2019-06-06"
"[22885,2637801]","recibo cfe","25","25.0","2019-06-06"
"[22885,2637802]","foto","40","160.0","2019-06-06"
"[22885,2637803]","copias","1.5","237.0","2019-06-06"
"[22885,2637805]","carpeta","5","5.0","2019-06-06"
"[22885,2637806]","lapicero","6","12.0","2019-06-06"
"[22885,2642380]","curp","20","100.0","2019-06-07"
"[22885,2642381]","recibo cfe","25","25.0","2019-06-07"
"[22885,2642382]","foto","40","160.0","2019-06-07"
"[22885,2642383]","copias","1.5","334.5","2019-06-07"
"[22885,2642384]","usb 8gb","110","110.0","2019-06-07"
"[22885,2642385]","carpeta","5","10.0","2019-06-07"
"[22885,2662641]","curp","20","80.0","2019-06-11"
"[22885,2662644]","nss","25","25.0","2019-06-11"
"[22885,2662645]","foto","40","80.0","2019-06-11"
"[22885,2662646]","copias","1.5","399.0","2019-06-11"
"[22885,2662647]","carpeta","5","15.0","2019-06-11"
"[22885,2662648]","oficio","25","25.0","2019-06-11"
"[22885,2662650]","solicitud empleo","2","4.0","2019-06-11"
"[22885,2662651]","lapicero","6","12.0","2019-06-11"
"[22885,2668197]","curp","20","80.0","2019-06-12"
"[22885,2668198]","recibo cfe","25","50.0","2019-06-12"
"[22885,2668199]","foto","40","360.0","2019-06-12"
"[22885,2668203]","carpeta","5","15.0","2019-06-12"
"[22885,2668204]","lapicero","6","6.0","2019-06-12"
"[22885,2737012]","curp","20","60.0","2019-06-13"
"[22885,2737013]","nss","25","25.0","2019-06-13"
"[22885,2737015]","foto","40","160.0","2019-06-13"
"[22885,2737016]","copias","1.5","274.5","2019-06-13"
"[22885,2737017]","carpeta","5","15.0","2019-06-13"
"[22885,2737018]","oficio","25","25.0","2019-06-13"
"[22885,2746191]","curp","20","100.0","2019-06-14"
"[22885,2746192]","recibo cfe","25","25.0","2019-06-14"
"[22885,2746193]","foto","40","120.0","2019-06-14"
"[22885,2746195]","copias","1.5","375.0","2019-06-14"
"[22885,2746196]","carpeta","5","15.0","2019-06-14"
"[22885,2746197]","oficio","25","25.0","2019-06-14"
"[22885,2746199]","solicitud empleo","2","4.0","2019-06-14"
"[22885,2766019]","curp","20","40.0","2019-06-17"
"[22885,2766020]","nss","25","25.0","2019-06-17"
"[22885,2766021]","rfc","25","25.0","2019-06-17"
"[22885,2766022]","foto","40","320.0","2019-06-17"
"[22885,2766023]","copias","1.5","339.0","2019-06-17"
"[22885,2766024]","carpeta","5","10.0","2019-06-17"
"[22885,2766025]","lapicero","6","6.0","2019-06-17"
"[22885,2769451]","curp","20","80.0","2019-06-18"
"[22885,2769452]","recibo cfe","25","25.0","2019-06-18"
"[22885,2769453]","nss","25","25.0","2019-06-18"
"[22885,2769454]","foto","40","80.0","2019-06-18"
"[22885,2769455]","copias","1.5","462.0","2019-06-18"
"[22885,2769457]","carpeta","5","15.0","2019-06-18"
"[22885,2769458]","oficio","25","50.0","2019-06-18"
"[22885,2769459]","solicitud empleo","2","10.0","2019-06-18"
"[22885,2769460]","lapicero","6","12.0","2019-06-18"
"[22885,2772831]","curp","20","60.0","2019-06-19"
"[22885,2772832]","recibo cfe","25","25.0","2019-06-19"
"[22885,2772833]","nss","25","25.0","2019-06-19"
"[22885,2772834]","foto","40","80.0","2019-06-19"
"[22885,2772835]","copias","1.5","399.0","2019-06-19"
"[22885,2772837]","carpeta","5","10.0","2019-06-19"
"[22885,2777965]","curp","20","80.0","2019-06-20"
"[22885,2777966]","recibo cfe","25","nan","2019-06-20"
"[22885,2777967]","rfc","25","50.0","2019-06-20"
"[22885,2777968]","foto","40","160.0","2019-06-20"
"[22885,2777969]","copias","1.5","307.5","2019-06-20"
"[22885,2777970]","carpeta","5","15.0","2019-06-20"
"[22885,2777971]","oficio","25","25.0","2019-06-20"
"[22885,2777972]","lapicero","6","12.0","2019-06-20"
"[22885,2780487]","curp","20","140.0","2019-06-21"
"[22885,2780488]","recibo cfe","25","25.0","2019-06-21"
"[22885,2780489]","nss","25","25.0","2019-06-21"
"[22885,2780490]","foto","40","280.0","2019-06-21"
"[22885,2780492]","copias","1.5","378.0","2019-06-21"
"[22885,2780493]","carpeta","5","10.0","2019-06-21"
"[22885,2780494]","lapicero","6","6.0","2019-06-21"
"[22885,2829388]","curp","20","60.0","2019-06-25"
"[22885,2829389]","recibo cfe","25","25.0","2019-06-25"
"[22885,2829390]","foto","40","80.0","2019-06-25"
"[22885,2829392]","carpeta","5","25.0","2019-06-25"
"[22885,2829393]","lapicero","6","12.0","2019-06-25"
"[22885,2834544]","curp","20","160.0","2019-06-26"
"[22885,2834624]","recibo cfe","25","25.0","2019-06-26"
"[22885,2834627]","nss","25","25.0","2019-06-26"
"[22885,2834650]","foto","40","120.0","2019-06-26"
"[22885,2834651]","copias","1.5","453.0","2019-06-26"
"[22885,2834652]","carpeta","5","15.0","2019-06-26"
"[22885,2834653]","lapicero","6","12.0","2019-06-26"
"[22885,2843491]","curp","20","100.0","2019-06-27"
"[22885,2843492]","recibo cfe","25","25.0","2019-06-27"
"[22885,2843493]","rfc","25","25.0","2019-06-27"
"[22885,2843494]","foto","40","200.0","2019-06-27"
"[22885,2843495]","copias","1.5","315.0","2019-06-27"
"[22885,2843496]","usb 8gb","110","110.0","2019-06-27"
"[22885,2843498]","carpeta","5","15.0","2019-06-27"
"[22885,2843502]","solicitud empleo","2","4.0","2019-06-27"
"[22885,2843503]","lapicero","6","6.0","2019-06-27"
"[22885,2848485]","curp","20","80.0","2019-06-28"
"[22885,2848486]","rfc","25","25.0","2019-06-28"
"[22885,2848487]","foto","40","400.0","2019-06-28"
"[22885,2848488]","copias","1.5","277.5","2019-06-28"
"[22885,2848489]","carpeta","5","25.0","2019-06-28"
"[22885,2848490]","lapicero","6","12.0","2019-06-28"
"[22885,2848491]","oficio","25","25.0","2019-06-28"
"[22885,2875468]","lapicero","6","18.0","2019-07-01"
"[22885,2875471]","carpeta","5","10.0","2019-07-01"
"[22885,2875475]","recibo cfe","25","25.0","2019-07-01"
"[22885,2875479]","curp","20","80.0","2019-07-01"
"[22885,2875491]","foto","40","120.0","2019-07-01"
"[22885,2875512]","copias","1","382.0","2019-07-01"
"[22885,2880315]","curp","20","60.0","2019-07-02"
"[22885,2880317]","recibo cfe","25","25.0","2019-07-02"
"[22885,2880319]","rfc","25","75.0","2019-07-02"
"[22885,2880320]","foto","40","160.0","2019-07-02"
"[22885,2880321]","copias","1","272.0","2019-07-02"
"[22885,2880322]","carpeta","5","10.0","2019-07-02"
"[22885,2880323]","solicitud empleo","2","6.0","2019-07-02"
"[22885,2880324]","lapicero","6","6.0","2019-07-02"
"[22885,2883904]","curp","20","140.0","2019-07-03"
"[22885,2883906]","recibo cfe","25","50.0","2019-07-03"
"[22885,2883907]","rfc","25","25.0","2019-07-03"
"[22885,2883908]","foto","40","40.0","2019-07-03"
"[22885,2883909]","copias","1","325.0","2019-07-03"
"[22885,2883910]","carpeta","5","15.0","2019-07-03"
"[22885,2883911]","lapicero","6","12.0","2019-07-03"
"[22885,2891517]","curp","20","100.0","2019-07-04"
"[22885,2891518]","recibo cfe","25","25.0","2019-07-04"
"[22885,2891519]","rfc","25","25.0","2019-07-04"
"[22885,2891520]","foto","40","200.0","2019-07-04"
"[22885,2891521]","copias","1","375.0","2019-07-04"
"[22885,2891522]","carpeta","5","20.0","2019-07-04"
"[22885,2891523]","lapicero","6","12.0","2019-07-04"
"[22885,2896594]","curp","20","40.0","2019-07-05"
"[22885,2896595]","recibo cfe","25","25.0","2019-07-05"
"[22885,2896596]","foto","40","80.0","2019-07-05"
"[22885,2896598]","carpeta","5","15.0","2019-07-05"
"[22885,2896599]","lapicero","6","12.0","2019-07-05"
"[22885,2907359]","curp","20","80.0","2019-07-08"
"[22885,2907360]","recibo cfe","25","25.0","2019-07-08"
"[22885,2907362]","foto","40","240.0","2019-07-08"
"[22885,2907363]","copias","1","272.0","2019-07-08"
"[22885,2907364]","carpeta","5","20.0","2019-07-08"
"[22885,2907365]","lapicero","6","12.0","2019-07-08"
"[22885,2910955]","curp","20","100.0","2019-07-09"
"[22885,2910957]","recibo cfe","25","25.0","2019-07-09"
"[22885,2910958]","foto","40","240.0","2019-07-09"
"[22885,2910960]","copias","1","236.0","2019-07-09"
"[22885,2910961]","carpeta","5","15.0","2019-07-09"
"[22885,2910963]","lapicero","6","6.0","2019-07-09"
"[22885,2916243]","curp","20","160.0","2019-07-10"
"[22885,2916244]","nss","25","75.0","2019-07-10"
"[22885,2916246]","foto","40","80.0","2019-07-10"
"[22885,2916247]","carpeta","5","30.0","2019-07-10"
"[22885,2916248]","oficio","25","50.0","2019-07-10"
"[22885,2916249]","lapicero","6","12.0","2019-07-10"
"[22885,2916252]","copias","1","362.0","2019-07-10"
"[22885,2932096]","curp","20","240.0","2019-07-11"
"[22885,2932097]","recibo cfe","25","50.0","2019-07-11"
"[22885,2932098]","nss","25","50.0","2019-07-11"
"[22885,2932099]","rfc","25","50.0","2019-07-11"
"[22885,2932100]","foto","40","80.0","2019-07-11"
"[22885,2932102]","copias","1","422.0","2019-07-11"
"[22885,2932103]","carpeta","5","25.0","2019-07-11"
"[22885,2932104]","oficio","25","25.0","2019-07-11"
"[22885,2932105]","carta poder","2","8.0","2019-07-11"
"[22885,2932106]","solicitud empleo","2","6.0","2019-07-11"
"[22885,2932107]","lapicero","6","12.0","2019-07-11"
"[22885,2938012]","curp","20","100.0","2019-07-12"
"[22885,2938015]","nss","25","25.0","2019-07-12"
"[22885,2938016]","foto","40","80.0","2019-07-12"
"[22885,2938018]","copias","1","224.0","2019-07-12"
"[22885,2938019]","usb 8gb","110","110.0","2019-07-12"
"[22885,2938021]","solicitud empleo","2","4.0","2019-07-12"
"[22885,3037201]","curp","20","100.0","2019-07-15"
"[22885,3037203]","recibo cfe","25","25.0","2019-07-15"
"[22885,3037206]","foto","40","120.0","2019-07-15"
"[22885,3037223]","carpeta","5","20.0","2019-07-15"
"[22885,3037228]","lapicero","6","12.0","2019-07-15"
"[22885,3037233]","solicitud empleo","2","nan","2019-07-15"
"[22885,3037236]","usb 8gb","110","nan","2019-07-15"
"[22885,3037245]","copias","1","292.0","2019-07-15"
"[22885,3070451]","curp","20","120.0","2019-07-18"
"[22885,3070453]","recibo cfe","25","25.0","2019-07-18"
"[22885,3070454]","rfc","25","25.0","2019-07-18"
"[22885,3070455]","foto","40","240.0","2019-07-18"
"[22885,3070456]","copias","1","321.0","2019-07-18"
"[22885,3070457]","carpeta","5","10.0","2019-07-18"
"[22885,3070459]","lapicero","6","18.0","2019-07-18"
"[22885,3089240]","curp","20","100.0","2019-07-19"
"[22885,3089241]","nss","25","50.0","2019-07-19"
"[22885,3089242]","foto","40","120.0","2019-07-19"
"[22885,3089244]","copias","1","262.0","2019-07-19"
"[22885,3089245]","carpeta","5","10.0","2019-07-19"
"[22885,3089248]","lapicero","6","6.0","2019-07-19"
"[22885,3118169]","curp","20","80.0","2019-07-24"
"[22885,3118171]","rfc","25","25.0","2019-07-24"
"[22885,3118172]","foto","40","120.0","2019-07-24"
"[22885,3118173]","copias","1","271.0","2019-07-24"
"[22885,3118175]","carpeta","5","10.0","2019-07-24"
"[22885,3118176]","lapicero","6","18.0","2019-07-24"
"[22885,3122277]","curp","20","100.0","2019-07-25"
"[22885,3122279]","rfc","25","25.0","2019-07-25"
"[22885,3122280]","foto","40","120.0","2019-07-25"
"[22885,3122283]","copias","1. ","488.0","2019-07-25"
"[22885,3122284]","carpeta","5","5.0","2019-07-25"
"[22885,3122285]","lapicero","6","12.0","2019-07-25"
"[22885,3122287]","recibo cfe","25","50.0","2019-07-25"
"[22885,3207186]","curp","20","120.0","2019-07-29"
"[22885,3207188]","recibo cfe","25","25.0","2019-07-29"
"[22885,3207189]","rfc","25","25.0","2019-07-29"
"[22885,3207190]","foto","40","160.0","2019-07-29"
"[22885,3207191]","copias","1. ","485.0","2019-07-29"
"[22885,3207192]","carpeta","5","20.0","2019-07-29"
"[22885,3207193]","lapicero","6","30.0","2019-07-29"
"[22885,3207195]","otro","1","20.0","2019-07-29"
"[22885,3210319]","curp","20","100.0","2019-07-30"
"[22885,3210321]","recibo cfe","25","25.0","2019-07-30"
"[22885,3210322]","nss","25","25.0","2019-07-30"
"[22885,3210324]","foto","40","280.0","2019-07-30"
"[22885,3210325]","copias","1. ","353.0","2019-07-30"
"[22885,3210326]","carpeta","5","15.0","2019-07-30"
"[22885,3210327]","lapicero","6","12.0","2019-07-30"
"[22885,3210328]","usb 8gb","110","110.0","2019-07-30"
"[22885,3220285]","curp","20","160.0","2019-07-31"
"[22885,3220286]","recibo cfe","25","50.0","2019-07-31"
"[22885,3220287]","nss","25","50.0","2019-07-31"
"[22885,3220289]","foto","40","40.0","2019-07-31"
"[22885,3220291]","copias","1. ","387.0","2019-07-31"
"[22885,3220292]","carpeta","5","10.0","2019-07-31"
"[22885,3220293]","lapicero","6","18.0","2019-07-31"
"[22885,3220295]","otro","1","20.0","2019-07-31"
"[22885,3225682]","curp","20","140.0","2019-08-01"
"[22885,3225683]","foto","40","120.0","2019-08-01"
"[22885,3225684]","copias","1. ","439.0","2019-08-01"
"[22885,3225685]","usb 8gb","100","100.0","2019-08-01"
"[22885,3225686]","carpeta","5","10.0","2019-08-01"
"[22885,3225687]","lapicero","6","6.0","2019-08-01"
"[22885,3242643]","curp","20","100.0","2019-08-02"
"[22885,3242644]","recibo cfe","25","75.0","2019-08-02"
"[22885,3242645]","nss","25","40.0","2019-08-02"
"[22885,3242646]","rfc","25","25.0","2019-08-02"
"[22885,3242647]","foto","40","160.0","2019-08-02"
"[22885,3242648]","copias","1. ","355.0","2019-08-02"
"[22885,3242649]","carpeta","5","15.0","2019-08-02"
"[22885,3263980]","curp","20","160.0","2019-08-05"
"[22885,3263981]","recibo cfe","25","25.0","2019-08-05"
"[22885,3263982]","nss","20","40.0","2019-08-05"
"[22885,3263983]","foto","40","320.0","2019-08-05"
"[22885,3263985]","copias","1. ","349.0","2019-08-05"
"[22885,3263986]","carpeta","5","10.0","2019-08-05"
"[22885,3263987]","solicitud empleo","2","6.0","2019-08-05"
"[22885,3320329]","curp","20","80.0","2019-08-06"
"[22885,3320330]","recibo cfe","25","25.0","2019-08-06"
"[22885,3320331]","foto","40","120.0","2019-08-06"
"[22885,3320332]","copias","1. ","309.0","2019-08-06"
"[22885,3320333]","carpeta","5","10.0","2019-08-06"
"[22885,3320334]","lapicero","6","6.0","2019-08-06"
"[22885,3327695]","curp","20","160.0","2019-08-08"
"[22885,3327697]","recibo cfe","25","25.0","2019-08-08"
"[22885,3327698]","nss","20","20.0","2019-08-08"
"[22885,3327699]","rfc","25","25.0","2019-08-08"
"[22885,3327700]","foto","40","80.0","2019-08-08"
"[22885,3327702]","copias","1. ","369.0","2019-08-08"
"[22885,3327703]","carpeta","5","20.0","2019-08-08"
"[22885,3327704]","solicitud empleo","2","6.0","2019-08-08"
"[22885,3327705]","lapicero","6","30.0","2019-08-08"
"[22885,3337001]","curp","20","60.0","2019-08-09"
"[22885,3337002]","recibo cfe","25","25.0","2019-08-09"
"[22885,3337003]","foto","40","160.0","2019-08-09"
"[22885,3337004]","copias","1. ","364.0","2019-08-09"
"[22885,3337009]","carpeta","5","15.0","2019-08-09"
"[22885,3337010]","oficio","20","20.0","2019-08-09"
"[22885,3337011]","lapicero","6","6.0","2019-08-09"
"[22885,3458687]","curp","20","100.0","2019-08-12"
"[22885,3458688]","recibo cfe","25","50.0","2019-08-12"
"[22885,3458689]","nss","20","25.0","2019-08-12"
"[22885,3458690]","foto","40","200.0","2019-08-12"
"[22885,3458692]","copias","1. ","424.0","2019-08-12"
"[22885,3458693]","carpeta","5","10.0","2019-08-12"
"[22885,3458694]","lapicero","6","6.0","2019-08-12"
"[22885,3458695]","otro","1","20.0","2019-08-12"
"[22885,3487096]","curp","20","100.0","2019-08-13"
"[22885,3487097]","recibo cfe","25","50.0","2019-08-13"
"[22885,3487098]","nss","25","40.0","2019-08-13"
"[22885,3487099]","rfc","25","25.0","2019-08-13"
"[22885,3487100]","foto","40","160.0","2019-08-13"
"[22885,3487101]","copias","1. ","435.0","2019-08-13"
"[22885,3487102]","carpeta","5","10.0","2019-08-13"
"[22885,3487107]","otro","1","20.0","2019-08-13"
"[22885,3503754]","curp","20","100.0","2019-08-14"
"[22885,3503755]","recibo cfe","25","50.0","2019-08-14"
"[22885,3503756]","nss","20","50.0","2019-08-14"
"[22885,3503759]","rfc","25","50.0","2019-08-14"
"[22885,3503760]","foto","40","120.0","2019-08-14"
"[22885,3503762]","copias","1. ","388.0","2019-08-14"
"[22885,3503763]","carpeta","5","20.0","2019-08-14"
"[22885,3503764]","lapicero","6","12.0","2019-08-14"
"[22885,3507492]","curp","20","60.0","2019-08-15"
"[22885,3507494]","nss","25","25.0","2019-08-15"
"[22885,3507495]","foto","40","120.0","2019-08-15"
"[22885,3507497]","copias","1. ","343.0","2019-08-15"
"[22885,3507498]","carpeta","5","30.0","2019-08-15"
"[22885,3507499]","oficio","20","20.0","2019-08-15"
"[22885,3507500]","lapicero","6","12.0","2019-08-15"
"[22885,3510727]","curp","20","160.0","2019-08-16"
"[22885,3510729]","recibo cfe","25","50.0","2019-08-16"
"[22885,3510730]","nss","25","50.0","2019-08-16"
"[22885,3510731]","foto","40","120.0","2019-08-16"
"[22885,3510732]","foto","40","120.0","2019-08-16"
"[22885,3510733]","copias","1. ","453.0","2019-08-16"
"[22885,3510734]","carpeta","5","15.0","2019-08-16"
"[22885,3510735]","oficio","20","20.0","2019-08-16"
"[22885,3510736]","lapicero","6","12.0","2019-08-16"
"[22885,3523294]","curp","20","100.0","2019-08-19"
"[22885,3523295]","recibo cfe","25","75.0","2019-08-19"
"[22885,3523296]","nss","25","25.0","2019-08-19"
"[22885,3523297]","foto","40","200.0","2019-08-19"
"[22885,3523298]","copias","1. ","435.0","2019-08-19"
"[22885,3523299]","carpeta","5","20.0","2019-08-19"
"[22885,3528067]","curp","20","80.0","2019-08-20"
"[22885,3528068]","recibo cfe","25","50.0","2019-08-20"
"[22885,3528070]","copias","1. ","600.0","2019-08-20"
"[22885,3528074]","carpeta","5","20.0","2019-08-20"
"[22885,3528076]","foto","40","320.0","2019-08-20"
"[22885,3538917]","curp","20","80.0","2019-08-21"
"[22885,3538918]","recibo cfe","25","50.0","2019-08-21"
"[22885,3538919]","rfc","25","nan","2019-08-21"
"[22885,3538920]","foto","40","120.0","2019-08-21"
"[22885,3538922]","copias","1. ","393.0","2019-08-21"
"[22885,3538923]","carpeta","5","10.0","2019-08-21"
"[22885,3538924]","lapicero","6","12.0","2019-08-21"
"[22885,3541648]","curp","20","20.0","2019-08-22"
"[22885,3541649]","foto","40","240.0","2019-08-22"
"[22885,3541651]","copias","1. ","319.0","2019-08-22"
"[22885,3541652]","carpeta","5","20.0","2019-08-22"
"[22885,3541653]","recibo cfe","25","25.0","2019-08-22"
"[22885,3541655]","nss","20","60.0","2019-08-22"
"[22885,3541656]","lapicero","6","6.0","2019-08-22"
"[22885,3552859]","curp","20","120.0","2019-08-23"
"[22885,3552860]","recibo cfe","25","50.0","2019-08-23"
"[22885,3552861]","foto","40","280.0","2019-08-23"
"[22885,3552862]","copias","1. ","398.0","2019-08-23"
"[22885,3552863]","carpeta","5","10.0","2019-08-23"
"[22885,3552865]","lapicero","6","12.0","2019-08-23"
"[22885,8388949]","curp","20","100.0","2019-08-26"
"[22885,8388952]","recibo cfe","25","25.0","2019-08-26"
"[22885,8388953]","rfc","25","25.0","2019-08-26"
"[22885,8388956]","foto","40","160.0","2019-08-26"
"[22885,8388957]","copias","1. ","408.0","2019-08-26"
"[22885,8388958]","carpeta","5","20.0","2019-08-26"
"[22885,8388959]","lapicero","6","12.0","2019-08-26"
"[22885,8565027]","curp","20","100.0","2019-08-27"
"[22885,8565028]","nss","20","20.0","2019-08-27"
"[22885,8565030]","foto","40","120.0","2019-08-27"
"[22885,8565031]","copias","1. ","413.0","2019-08-27"
"[22885,8565034]","carpeta","5","5.0","2019-08-27"
"[22885,8565035]","solicitud empleo","2","4.0","2019-08-27"
"[22885,8565036]","lapicero","6","18.0","2019-08-27"
"[22885,8955293]","curp","20","80.0","2019-08-28"
"[22885,8955320]","recibo cfe","25","50.0","2019-08-28"
"[22885,8955336]","rfc","25","nan","2019-08-28"
"[22885,8955352]","foto","40","80.0","2019-08-28"
"[22885,8955381]","copias","1. ","308.0","2019-08-28"
"[22885,8955389]","carpeta","5","25.0","2019-08-28"
"[22885,8955397]","solicitud empleo","2","4.0","2019-08-28"
"[22885,8955405]","lapicero","6","18.0","2019-08-28"
"[22885,8955474]","otro","1","nan","2019-08-28"
"[22885,10098141]","curp","20","60.0","2019-08-29"
"[22885,10098142]","rfc","25","25.0","2019-08-29"
"[22885,10098143]","foto","40","240.0","2019-08-29"
"[22885,10098144]","copias","1. ","334.0","2019-08-29"
"[22885,10098145]","carpeta","5","15.0","2019-08-29"
"[22885,10098146]","lapicero","6","6.0","2019-08-29"
"[22885,10748277]","curp","20","100.0","2019-08-30"
"[22885,10748278]","recibo cfe","25","50.0","2019-08-30"
"[22885,10748279]","foto","40","40.0","2019-08-30"
"[22885,10748286]","copias","1. ","399.0","2019-08-30"
"[22885,10748288]","usb 8gb","120","120.0","2019-08-30"
"[22885,10748289]","carpeta","5","10.0","2019-08-30"
"[22885,10748290]","lapicero","6","6.0","2019-08-30"
"[22885,19934136]","curp","20","80.0","2019-09-02"
"[22885,19934137]","recibo cfe","25","75.0","2019-09-02"
"[22885,19934138]","foto","40","80.0","2019-09-02"
"[22885,19934139]","copias","1. ","390.0","2019-09-02"
"[22885,19934140]","carpeta","5","10.0","2019-09-02"
"[22885,19934141]","solicitud empleo","2","4.0","2019-09-02"
"[22885,19934143]","lapicero","6","6.0","2019-09-02"
"[22885,19938215]","curp","20","100.0","2019-09-03"
"[22885,19938216]","recibo cfe","25","75.0","2019-09-03"
"[22885,19938217]","foto","40","200.0","2019-09-03"
"[22885,19938219]","copias","1. ","400.0","2019-09-03"
"[22885,19938220]","carpeta","5","25.0","2019-09-03"
"[22885,19938221]","solicitud empleo","2","8.0","2019-09-03"
"[22885,19938222]","lapicero","6","12.0","2019-09-03"
"[22885,19941758]","curp","20","40.0","2019-09-04"
"[22885,19941775]","recibo cfe","25","25.0","2019-09-04"
"[22885,19941776]","foto","40","80.0","2019-09-04"
"[22885,19941777]","copias","1. ","206.0","2019-09-04"
"[22885,19941778]","carpeta","5","15.0","2019-09-04"
"[22885,19941780]","lapicero","6","24.0","2019-09-04"
"[22885,19945422]","curp","20","40.0","2019-09-05"
"[22885,19945424]","recibo cfe","25","25.0","2019-09-05"
"[22885,19945427]","foto","40","40.0","2019-09-05"
"[22885,19945428]","copias","1. ","281.0","2019-09-05"
"[22885,19945429]","carpeta","5","15.0","2019-09-05"
"[22885,19945430]","oficio","20","25.0","2019-09-05"
"[22885,19945431]","solicitud empleo","2","6.0","2019-09-05"
"[22885,19945432]","lapicero","6","18.0","2019-09-05"
"[22885,19974316]","curp","20","60.0","2019-09-06"
"[22885,19974317]","recibo cfe","25","50.0","2019-09-06"
"[22885,19974318]","nss","20","25.0","2019-09-06"
"[22885,19974319]","foto","40","200.0","2019-09-06"
"[22885,19974321]","copias","1. ","264.0","2019-09-06"
"[22885,19974322]","usb 8gb","120","120.0","2019-09-06"
"[22885,19974323]","carpeta","5","20.0","2019-09-06"
"[22885,19974325]","lapicero","6","6.0","2019-09-06"
"[22885,19984876]","curp","20","120.0","2019-09-09"
"[22885,19984877]","rfc","25","25.0","2019-09-09"
"[22885,19984878]","foto","40","200.0","2019-09-09"
"[22885,19984880]","copias","1. ","304.0","2019-09-09"
"[22885,19984881]","carpeta","5","15.0","2019-09-09"
"[22885,19984883]","lapicero","6","6.0","2019-09-09"
"[22885,19995401]","curp","20","100.0","2019-09-10"
"[22885,19995402]","recibo cfe","25","75.0","2019-09-10"
"[22885,19995403]","rfc","25","25.0","2019-09-10"
"[22885,19995404]","foto","40","240.0","2019-09-10"
"[22885,19995406]","copias","1. ","440.0","2019-09-10"
"[22885,19995407]","oficio","25","25.0","2019-09-10"
"[22885,19995408]","otro","1","25.0","2019-09-10"
"[22885,19998959]","curp","20","80.0","2019-09-11"
"[22885,19998960]","recibo cfe","25","125.0","2019-09-11"
"[22885,19998961]","foto","40","40.0","2019-09-11"
"[22885,19998962]","acta","160","160.0","2019-09-11"
"[22885,19998963]","copias","1. ","323.0","2019-09-11"
"[22885,19998964]","carpeta","5","15.0","2019-09-11"
"[22885,19998965]","lapicero","6","12.0","2019-09-11"
"[22885,20016415]","curp","20","40.0","2019-09-12"
"[22885,20016416]","recibo cfe","25","50.0","2019-09-12"
"[22885,20016421]","foto","40","200.0","2019-09-12"
"[22885,20016423]","copias","1. ","284.0","2019-09-12"
"[22885,20016424]","carpeta","5","15.0","2019-09-12"
"[22885,20016425]","lapicero","6","6.0","2019-09-12"
"[22885,20019626]","curp","20","40.0","2019-09-13"
"[22885,20019627]","recibo cfe","25","50.0","2019-09-13"
"[22885,20019629]","foto","40","120.0","2019-09-13"
"[22885,20019631]","carpeta","5","10.0","2019-09-13"
"[22885,20019632]","solicitud empleo","2","4.0","2019-09-13"
"[22885,20019636]","copias","1. ","266.0","2019-09-13"
"[22885,20072334]","curp","20","80.0","2019-09-17"
"[22885,20072335]","recibo cfe","25","50.0","2019-09-17"
"[22885,20072336]","nss","25","25.0","2019-09-17"
"[22885,20072337]","foto","40","160.0","2019-09-17"
"[22885,20072338]","copias","1. ","367.0","2019-09-17"
"[22885,20072339]","carpeta","5","10.0","2019-09-17"
"[22885,20072340]","lapicero","6","18.0","2019-09-17"
"[22885,20080578]","curp","20","60.0","2019-09-18"
"[22885,20080579]","recibo cfe","25","75.0","2019-09-18"
"[22885,20080580]","foto","40","160.0","2019-09-18"
"[22885,20080581]","copias","1. ","414.0","2019-09-18"
"[22885,20080583]","carpeta","5","10.0","2019-09-18"
"[22885,20080584]","lapicero","6","6.0","2019-09-18"
"[22885,20086327]","curp","20","80.0","2019-09-19"
"[22885,20086328]","recibo cfe","25","25.0","2019-09-19"
"[22885,20086332]","foto","40","120.0","2019-09-19"
"[22885,20086334]","copias","1. ","368.0","2019-09-19"
"[22885,20086335]","carpeta","5","20.0","2019-09-19"
"[22885,20086336]","lapicero","6","12.0","2019-09-19"
"[22885,20086339]","oficio","25","25.0","2019-09-19"
"[22885,20091089]","curp","20","120.0","2019-09-20"
"[22885,20091091]","recibo cfe","25","50.0","2019-09-20"
"[22885,20091092]","nss","25","25.0","2019-09-20"
"[22885,20091093]","rfc","25","25.0","2019-09-20"
"[22885,20091094]","foto","40","120.0","2019-09-20"
"[22885,20091095]","copias","1. ","420.0","2019-09-20"
"[22885,20091096]","usb 8gb","120","120.0","2019-09-20"
"[22885,20091097]","carpeta","5","20.0","2019-09-20"
"[22885,20091098]","lapicero","6","12.0","2019-09-20"
"[22885,20113063]","curp","20","80.0","2019-09-23"
"[22885,20113064]","recibo cfe","25","25.0","2019-09-23"
"[22885,20113065]","nss","20","40.0","2019-09-23"
"[22885,20113066]","rfc","25","25.0","2019-09-23"
"[22885,20113067]","foto","40","120.0","2019-09-23"
"[22885,20113068]","carpeta","5","15.0","2019-09-23"
"[22885,20113070]","lapicero","6","12.0","2019-09-23"
"[22885,20113071]","otro","25","25.0","2019-09-23"
"[22885,20116150]","copias","1. ","313.0","2019-09-23"
"[22885,20134794]","curp","20","60.0","2019-09-24"
"[22885,20134795]","nss","20","25.0","2019-09-24"
"[22885,20134796]","rfc","25","25.0","2019-09-24"
"[22885,20134797]","foto","40","320.0","2019-09-24"
"[22885,20134798]","copias","1. ","394.0","2019-09-24"
"[22885,20134799]","carpeta","5","15.0","2019-09-24"
"[22885,20134800]","solicitud empleo","2","10.0","2019-09-24"
"[22885,20134801]","lapicero","6","6.0","2019-09-24"
"[22885,20141714]","curp","20","60.0","2019-09-25"
"[22885,20141717]","recibo cfe","25","50.0","2019-09-25"
"[22885,20141719]","nss","25","25.0","2019-09-25"
"[22885,20141720]","foto","40","280.0","2019-09-25"
"[22885,20141721]","copias","1. ","337.0","2019-09-25"
"[22885,20141722]","carpeta","5","15.0","2019-09-25"
"[22885,20141723]","solicitud empleo","2","4.0","2019-09-25"
"[22885,20141724]","lapicero","6","24.0","2019-09-25"
"[22885,20150092]","curp","20","60.0","2019-09-26"
"[22885,20150093]","recibo cfe","25","50.0","2019-09-26"
"[22885,20150094]","nss","25","50.0","2019-09-26"
"[22885,20150095]","foto","40","200.0","2019-09-26"
"[22885,20150096]","copias","1. ","315.0","2019-09-26"
"[22885,20150097]","carpeta","5","5.0","2019-09-26"
"[22885,20150099]","solicitud empleo","2","4.0","2019-09-26"
"[22885,20150100]","lapicero","6","6.0","2019-09-26"
"[22885,20150107]","otro","10","10.0","2019-09-26"
"[22885,20197529]","curp","20","40.0","2019-10-02"
"[22885,20197530]","recibo cfe","25","75.0","2019-10-02"
"[22885,20197531]","rfc","25","25.0","2019-10-02"
"[22885,20197532]","foto","40","120.0","2019-10-02"
"[22885,20197533]","copias","1. ","179.0","2019-10-02"
"[22885,20197535]","carpeta","5","10.0","2019-10-02"
"[22885,20197536]","lapicero","6","6.0","2019-10-02"
"[22885,20203052]","curp","20","60.0","2019-10-03"
"[22885,20203053]","recibo cfe","25","25.0","2019-10-03"
"[22885,20203054]","foto","40","120.0","2019-10-03"
"[22885,20203056]","copias","1. ","392.0","2019-10-03"
"[22885,20203059]","usb 8gb","110","110.0","2019-10-03"
"[22885,20203060]","carpeta","5","15.0","2019-10-03"
"[22885,20203061]","solicitud empleo","2","4.0","2019-10-03"
"[22885,20203062]","lapicero","6","24.0","2019-10-03"
"[22885,20210916]","curp","20","40.0","2019-10-04"
"[22885,20210917]","recibo cfe","25","50.0","2019-10-04"
"[22885,20210918]","foto","40","200.0","2019-10-04"
"[22885,20210919]","copias","1. ","303.0","2019-10-04"
"[22885,20210920]","carpeta","5","30.0","2019-10-04"
"[22885,20210924]","oficio","25","25.0","2019-10-04"
"[22885,20210925]","lapicero","6","12.0","2019-10-04"
"[22885,20243638]","curp","20","60.0","2019-10-08"
"[22885,20243639]","recibo cfe","25","75.0","2019-10-08"
"[22885,20243640]","foto","40","120.0","2019-10-08"
"[22885,20243642]","copias","1. ","413.0","2019-10-08"
"[22885,20243643]","carpeta","5","30.0","2019-10-08"
"[22885,20243645]","lapicero","6","12.0","2019-10-08"
"[22885,20248780]","curp","20","140.0","2019-10-09"
"[22885,20248781]","recibo cfe","25","50.0","2019-10-09"
"[22885,20248782]","foto","40","160.0","2019-10-09"
"[22885,20248783]","copias","1. ","597.0","2019-10-09"
"[22885,20248784]","usb 8gb","110","110.0","2019-10-09"
"[22885,20248786]","carpeta","5","25.0","2019-10-09"
"[22885,20248787]","lapicero","6","18.0","2019-10-09"
"[22885,20248790]","oficio","25","25.0","2019-10-09"
"[22885,20248792]","otro","130","130.0","2019-10-09"
"[22885,20255952]","curp","20","80.0","2019-10-10"
"[22885,20255953]","recibo cfe","25","75.0","2019-10-10"
"[22885,20255954]","foto","40","160.0","2019-10-10"
"[22885,20255955]","copias","1. ","139.0","2019-10-10"
"[22885,20255956]","carpeta","5","15.0","2019-10-10"
"[22885,20255961]","lapicero","6","6.0","2019-10-10"
"[22885,20282908]","curp","20","120.0","2019-10-11"
"[22885,20282910]","recibo cfe","25","50.0","2019-10-11"
"[22885,20282911]","nss","25","25.0","2019-10-11"
"[22885,20282912]","foto","40","80.0","2019-10-11"
"[22885,20282913]","copias","1. ","484.0","2019-10-11"
"[22885,20282914]","carpeta","5","20.0","2019-10-11"
"[22885,20282915]","solicitud empleo","2","6.0","2019-10-11"
"[22885,20282918]","lapicero","6","12.0","2019-10-11"
"[22885,20282921]","oficio","25","50.0","2019-10-11"
"[22885,20282922]","otro","8","8.0","2019-10-11"
"[22885,20299896]","curp","20","80.0","2019-10-14"
"[22885,20299897]","recibo cfe","25","50.0","2019-10-14"
"[22885,20299898]","rfc","25","25.0","2019-10-14"
"[22885,20299899]","foto","40","200.0","2019-10-14"
"[22885,20299900]","copias","1. ","395.0","2019-10-14"
"[22885,20299901]","carpeta","5","15.0","2019-10-14"
"[22885,20315372]","curp","20","100.0","2019-10-15"
"[22885,20315373]","recibo cfe","25","50.0","2019-10-15"
"[22885,20315376]","rfc","25","25.0","2019-10-15"
"[22885,20315377]","foto","40","160.0","2019-10-15"
"[22885,20315378]","copias","1. ","430.0","2019-10-15"
"[22885,20315379]","carpeta","5","20.0","2019-10-15"
"[22885,20315380]","oficio","25","25.0","2019-10-15"
"[22885,20315381]","lapicero","6","12.0","2019-10-15"
"[22885,20315382]","otro","8","8.0","2019-10-15"
"[22885,20321874]","curp","20","100.0","2019-10-16"
"[22885,20321875]","recibo cfe","25","75.0","2019-10-16"
"[22885,20321876]","nss","25","50.0","2019-10-16"
"[22885,20321877]","rfc","25","25.0","2019-10-16"
"[22885,20321879]","foto","40","160.0","2019-10-16"
"[22885,20321880]","copias","1. ","264.0","2019-10-16"
"[22885,20321886]","carpeta","5","15.0","2019-10-16"
"[22885,20321887]","lapicero","6","6.0","2019-10-16"
"[22885,20332841]","curp","20","120.0","2019-10-17"
"[22885,20332842]","recibo cfe","25","50.0","2019-10-17"
"[22885,20332845]","rfc","25","25.0","2019-10-17"
"[22885,20332846]","foto","40","200.0","2019-10-17"
"[22885,20332849]","copias","1. ","484.0","2019-10-17"
"[22885,20332850]","carpeta","5","20.0","2019-10-17"
"[22885,20332853]","carta poder","2","4.0","2019-10-17"
"[22885,20332854]","solicitud empleo","2","20.0","2019-10-17"
"[22885,20332855]","lapicero","6","12.0","2019-10-17"
"[22885,20344370]","curp","20","60.0","2019-10-18"
"[22885,20344374]","recibo cfe","25","75.0","2019-10-18"
"[22885,20344375]","nss","25","25.0","2019-10-18"
"[22885,20344377]","rfc","25","25.0","2019-10-18"
"[22885,20344378]","foto","40","200.0","2019-10-18"
"[22885,20344379]","copias","1. ","255.0","2019-10-18"
"[22885,20344380]","usb 8gb","135","135.0","2019-10-18"
"[22885,20344381]","carpeta","5","10.0","2019-10-18"
"[22885,20421495]","curp","20","120.0","2019-10-21"
"[22885,20421498]","recibo cfe","25","25.0","2019-10-21"
"[22885,20421502]","foto","40","200.0","2019-10-21"
"[22885,20421503]","copias","1. ","302.0","2019-10-21"
"[22885,20421504]","carpeta","5","20.0","2019-10-21"
"[22885,20421505]","lapicero","6","18.0","2019-10-21"
"[22885,20443373]","curp","20","80.0","2019-10-22"
"[22885,20443374]","recibo cfe","25","25.0","2019-10-22"
"[22885,20443375]","foto","40","40.0","2019-10-22"
"[22885,20443376]","copias","1. ","441.0","2019-10-22"
"[22885,20443377]","carpeta","5","15.0","2019-10-22"
"[22885,20443378]","lapicero","6","24.0","2019-10-22"
"[22885,20450277]","curp","20","80.0","2019-10-23"
"[22885,20450278]","recibo cfe","25","25.0","2019-10-23"
"[22885,20450279]","foto","40","160.0","2019-10-23"
"[22885,20450282]","copias","1. ","432.0","2019-10-23"
"[22885,20450283]","carpeta","5","25.0","2019-10-23"
"[22885,20450284]","solicitud empleo","2","6.0","2019-10-23"
"[22885,20450285]","lapicero","6","12.0","2019-10-23"
"[22885,20450286]","otro","20","20.0","2019-10-23"
"[22885,20459819]","curp","20","60.0","2019-10-24"
"[22885,20459820]","recibo cfe","25","75.0","2019-10-24"
"[22885,20459821]","foto","40","80.0","2019-10-24"
"[22885,20459822]","copias","1. ","245.0","2019-10-24"
"[22885,20459823]","carpeta","5","10.0","2019-10-24"
"[22885,20459824]","lapicero","6","12.0","2019-10-24"
"[22885,20459825]","otro","8","8.0","2019-10-24"
"[22885,20471477]","curp","20","60.0","2019-10-25"
"[22885,20471478]","recibo cfe","25","25.0","2019-10-25"
"[22885,20471484]","foto","40","120.0","2019-10-25"
"[22885,20471485]","copias","1. ","295.0","2019-10-25"
"[22885,20471486]","carpeta","5","20.0","2019-10-25"
"[22885,20471489]","lapicero","6","12.0","2019-10-25"
"[22885,20471490]","otro","8","8.0","2019-10-25"
"[22885,20493982]","curp","20","60.0","2019-10-28"
"[22885,20493983]","nss","25","25.0","2019-10-28"
"[22885,20493984]","foto","40","80.0","2019-10-28"
"[22885,20493985]","copias","1. ","324.0","2019-10-28"
"[22885,20493986]","carpeta","5","20.0","2019-10-28"
"[22885,20493987]","lapicero","6","6.0","2019-10-28"
"[22885,20508289]","curp","20","60.0","2019-10-29"
"[22885,20508290]","recibo cfe","25","25.0","2019-10-29"
"[22885,20508291]","rfc","25","25.0","2019-10-29"
"[22885,20508292]","foto","40","200.0","2019-10-29"
"[22885,20508293]","copias","1. ","306.0","2019-10-29"
"[22885,20508296]","carpeta","5","10.0","2019-10-29"
"[22885,20508298]","lapicero","6","24.0","2019-10-29"
"[22885,20522712]","curp","20","60.0","2019-10-30"
"[22885,20522713]","recibo cfe","25","25.0","2019-10-30"
"[22885,20522714]","foto","40","120.0","2019-10-30"
"[22885,20522715]","copias","1. ","379.0","2019-10-30"
"[22885,20522716]","carpeta","5","10.0","2019-10-30"
"[22885,20522717]","lapicero","6","12.0","2019-10-30"
"[22885,20522718]","otro","2","4.0","2019-10-30"
"[22885,20530249]","curp","20","40.0","2019-10-31"
"[22885,20530250]","recibo cfe","25","75.0","2019-10-31"
"[22885,20530253]","foto","40","120.0","2019-10-31"
"[22885,20530254]","copias","1. ","164.0","2019-10-31"
"[22885,20530255]","carpeta","5","15.0","2019-10-31"
"[22885,20530259]","lapicero","6","6.0","2019-10-31"
"[22885,20537416]","curp","20","80.0","2019-11-01"
"[22885,20537417]","foto","40","120.0","2019-11-01"
"[22885,20537418]","copias","1. ","219.0","2019-11-01"
"[22885,20537419]","carpeta","5","15.0","2019-11-01"
"[22885,20537420]","lapicero","6","6.0","2019-11-01"
"[22885,20563700]","curp","20","80.0","2019-11-04"
"[22885,20563701]","recibo cfe","25","50.0","2019-11-04"
"[22885,20563702]","rfc","25","25.0","2019-11-04"
"[22885,20563703]","copias","1. ","374.0","2019-11-04"
"[22885,20563704]","carpeta","5","15.0","2019-11-04"
"[22885,20563705]","lapicero","6","6.0","2019-11-04"
"[22885,20576013]","curp","20","80.0","2019-11-05"
"[22885,20576014]","foto","40","200.0","2019-11-05"
"[22885,20576015]","copias","1. ","312.0","2019-11-05"
"[22885,20576016]","lapicero","6","18.0","2019-11-05"
"[22885,20585966]","curp","20","120.0","2019-11-06"
"[22885,20585970]","recibo cfe","25","100.0","2019-11-06"
"[22885,20585971]","foto","40","200.0","2019-11-06"
"[22885,20585973]","copias","1. ","353.0","2019-11-06"
"[22885,20585976]","carpeta","5","20.0","2019-11-06"
"[22885,20585977]","lapicero","6","12.0","2019-11-06"
"[22885,20599330]","curp","20","60.0","2019-11-07"
"[22885,20599331]","recibo cfe","25","25.0","2019-11-07"
"[22885,20599334]","foto","40","120.0","2019-11-07"
"[22885,20599335]","copias","1. ","277.0","2019-11-07"
"[22885,20599336]","carpeta","5","25.0","2019-11-07"
"[22885,20599337]","lapicero","6","18.0","2019-11-07"
"[22885,20607952]","curp","20","100.0","2019-11-08"
"[22885,20607955]","recibo cfe","25","50.0","2019-11-08"
"[22885,20607956]","nss","25","25.0","2019-11-08"
"[22885,20607957]","rfc","25","25.0","2019-11-08"
"[22885,20607958]","foto","40","120.0","2019-11-08"
"[22885,20607980]","copias","1. ","418.0","2019-11-08"
"[22885,20607990]","carpeta","5","20.0","2019-11-08"
"[22885,20607991]","lapicero","6","12.0","2019-11-08"
"[22885,20662958]","curp","20","60.0","2019-11-11"
"[22885,20662961]","recibo cfe","25","50.0","2019-11-11"
"[22885,20662962]","foto","40","80.0","2019-11-11"
"[22885,20662963]","copias","1. ","459.0","2019-11-11"
"[22885,20662964]","carpeta","5","20.0","2019-11-11"
"[22885,20662967]","lapicero","6","6.0","2019-11-11"
"[22885,20679481]","curp","20","60.0","2019-11-12"
"[22885,20679491]","recibo cfe","25","50.0","2019-11-12"
"[22885,20679492]","foto","40","120.0","2019-11-12"
"[22885,20679496]","copias","1. ","253.0","2019-11-12"
"[22885,20679499]","carpeta","5","25.0","2019-11-12"
"[22885,20679500]","lapicero","6","12.0","2019-11-12"
"[22885,20699978]","curp","20","40.0","2019-11-13"
"[22885,20699979]","recibo cfe","25","50.0","2019-11-13"
"[22885,20699980]","rfc","25","25.0","2019-11-13"
"[22885,20699981]","foto","40","200.0","2019-11-13"
"[22885,20699982]","copias","1. ","467.0","2019-11-13"
"[22885,20699983]","carpeta","5","25.0","2019-11-13"
"[22885,20699988]","solicitud empleo","2","10.0","2019-11-13"
"[22885,20699989]","lapicero","6","18.0","2019-11-13"
"[22885,20722330]","curp","20","80.0","2019-11-14"
"[22885,20722331]","recibo cfe","25","75.0","2019-11-14"
"[22885,20722332]","foto","40","80.0","2019-11-14"
"[22885,20722333]","usb 8gb","130","130.0","2019-11-14"
"[22885,20722334]","carpeta","5","15.0","2019-11-14"
"[22885,20722335]","oficio","20","40.0","2019-11-14"
"[22885,20722336]","lapicero","6","36.0","2019-11-14"
"[22885,20722342]","copias","1. ","354.0","2019-11-14"
"[22885,20816861]","curp","20","100.0","2019-11-19"
"[22885,20816862]","recibo cfe","25","50.0","2019-11-19"
"[22885,20816863]","nss","25","25.0","2019-11-19"
"[22885,20816864]","foto","40","80.0","2019-11-19"
"[22885,20816865]","copias","1. ","579.0","2019-11-19"
"[22885,20816868]","carpeta","5","25.0","2019-11-19"
"[22885,20816870]","lapicero","6","6.0","2019-11-19"
"[22885,20826476]","curp","20","60.0","2019-11-20"
"[22885,20826477]","recibo cfe","25","25.0","2019-11-20"
"[22885,20826480]","rfc","25","25.0","2019-11-20"
"[22885,20826482]","foto","40","120.0","2019-11-20"
"[22885,20826483]","copias","1. ","494.0","2019-11-20"
"[22885,20826484]","carpeta","5","20.0","2019-11-20"
"[22885,20826489]","carta poder","2","20.0","2019-11-20"
"[22885,20826493]","lapicero","6","6.0","2019-11-20"
"[22885,20837143]","curp","20","100.0","2019-11-21"
"[22885,20837144]","recibo cfe","25","50.0","2019-11-21"
"[22885,20837145]","foto","40","40.0","2019-11-21"
"[22885,20837147]","copias","1. ","240.0","2019-11-21"
"[22885,20837149]","usb 8gb","145","290.0","2019-11-21"
"[22885,20837150]","carpeta","5","15.0","2019-11-21"
"[22885,20865290]","curp","20","80.0","2019-11-22"
"[22885,20865298]","recibo cfe","25","75.0","2019-11-22"
"[22885,20865317]","foto","40","400.0","2019-11-22"
"[22885,20865329]","copias","1. ","209.0","2019-11-22"
"[22885,20865337]","carpeta","5","25.0","2019-11-22"
"[22885,20865340]","oficio","20","20.0","2019-11-22"
"[22885,20865344]","lapicero","6","6.0","2019-11-22"
"[22885,20865384]","otro","5","5.0","2019-11-22"
"[22885,20978183]","curp","20","40.0","2019-11-25"
"[22885,20978184]","recibo cfe","25","25.0","2019-11-25"
"[22885,20978185]","foto","40","160.0","2019-11-25"
"[22885,20978187]","copias","1. ","344.0","2019-11-25"
"[22885,20978193]","carpeta","5","20.0","2019-11-25"
"[22885,20978196]","solicitud empleo","2","6.0","2019-11-25"
"[22885,20978201]","oficio","20","40.0","2019-11-25"
"[22885,20995389]","curp","20","80.0","2019-11-26"
"[22885,20995390]","recibo cfe","25","75.0","2019-11-26"
"[22885,20995391]","foto","40","80.0","2019-11-26"
"[22885,20995392]","copias","1. ","314.0","2019-11-26"
"[22885,20995394]","carpeta","5","20.0","2019-11-26"
"[22885,20995397]","lapicero","6","6.0","2019-11-26"
"[22885,21005661]","curp","20","80.0","2019-11-27"
"[22885,21005662]","recibo cfe","25","25.0","2019-11-27"
"[22885,21005663]","foto","40","440.0","2019-11-27"
"[22885,21005664]","copias","1. ","373.0","2019-11-27"
"[22885,21005665]","carpeta","5","25.0","2019-11-27"
"[22885,21005669]","oficio","20","40.0","2019-11-27"
"[22885,21005671]","lapicero","6","12.0","2019-11-27"
"[22885,21097425]","curp","20","180.0","2019-11-28"
"[22885,21097446]","recibo cfe","25","25.0","2019-11-28"
"[22885,21097449]","nss","25","50.0","2019-11-28"
"[22885,21097471]","foto","40","120.0","2019-11-28"
"[22885,21097492]","copias","1. ","363.0","2019-11-28"
"[22885,21097515]","carpeta","5","25.0","2019-11-28"
"[22885,21097536]","oficio","20","20.0","2019-11-28"
"[22885,21097557]","lapicero","6","12.0","2019-11-28"
"[22885,21159611]","curp","20","100.0","2019-11-29"
"[22885,21159636]","recibo cfe","25","50.0","2019-11-29"
"[22885,21159637]","foto","40","40.0","2019-11-29"
"[22885,21159640]","copias","1. ","427.0","2019-11-29"
"[22885,21159641]","carpeta","5","30.0","2019-11-29"
"[22885,21159642]","oficio","20","20.0","2019-11-29"
"[22885,21159643]","lapicero","6","18.0","2019-11-29"
"[22885,21288644]","curp","20","40.0","2019-12-04"
"[22885,21288649]","recibo cfe","25","75.0","2019-12-04"
"[22885,21288660]","foto","40","320.0","2019-12-04"
"[22885,21288669]","copias","1. ","349.0","2019-12-04"
"[22885,21288677]","carpeta","5","15.0","2019-12-04"
"[22885,21288691]","lapicero","6","6.0","2019-12-04"
"[22885,21307005]","curp","20","80.0","2019-12-05"
"[22885,21307007]","recibo cfe","25","50.0","2019-12-05"
"[22885,21307010]","foto","40","120.0","2019-12-05"
"[22885,21307013]","copias","1. ","345.0","2019-12-05"
"[22885,21307014]","carpeta","5","15.0","2019-12-05"
"[22885,21307019]","oficio","20","20.0","2019-12-05"
"[22885,21371097]","curp","20","60.0","2019-12-09"
"[22885,21371100]","recibo cfe","25","25.0","2019-12-09"
"[22885,21371101]","nss","25","25.0","2019-12-09"
"[22885,21371102]","foto","40","80.0","2019-12-09"
"[22885,21371103]","copias","1. ","279.0","2019-12-09"
"[22885,21371104]","carpeta","5","10.0","2019-12-09"
"[22885,21371105]","lapicero","6","6.0","2019-12-09"
"[22885,21391903]","curp","20","40.0","2019-12-10"
"[22885,21391904]","recibo cfe","25","25.0","2019-12-10"
"[22885,21391905]","nss","25","25.0","2019-12-10"
"[22885,21391906]","foto","40","240.0","2019-12-10"
"[22885,21391907]","copias","1. ","232.0","2019-12-10"
"[22885,21391908]","carpeta","5","15.0","2019-12-10"
"[22885,21391909]","lapicero","6","18.0","2019-12-10"
"[22885,21411500]","curp","20","120.0","2019-12-11"
"[22885,21411502]","recibo cfe","25","50.0","2019-12-11"
"[22885,21411503]","foto","40","160.0","2019-12-11"
"[22885,21411504]","copias","1. ","305.0","2019-12-11"
"[22885,21411507]","oficio","25","25.0","2019-12-11"
"[22885,21477395]","curp","20","60.0","2019-12-12"
"[22885,21477398]","nss","25","25.0","2019-12-12"
"[22885,21477399]","foto","40","120.0","2019-12-12"
"[22885,21477401]","copias","1. ","165.0","2019-12-12"
"[22885,21477402]","rfc","25","25.0","2019-12-12"
"[22885,21489760]","curp","20","40.0","2019-12-13"
"[22885,21489763]","recibo cfe","25","50.0","2019-12-13"
"[22885,21489775]","copias","1. ","257.0","2019-12-13"
"[22885,21489778]","carpeta","5","20.0","2019-12-13"
"[22885,21489780]","lapicero","6","18.0","2019-12-13"
"[22885,21626646]","curp","20","60.0","2019-12-16"
"[22885,21626987]","recibo cfe","25","25.0","2019-12-16"
"[22885,21626999]","foto","40","240.0","2019-12-16"
"[22885,21627055]","copias","1. ","252.0","2019-12-16"
"[22885,21627111]","carpeta","5","20.0","2019-12-16"
"[22885,21627164]","lapicero","6","18.0","2019-12-16"
"[22885,21796683]","curp","20","80.0","2019-12-17"
"[22885,21796686]","foto","40","120.0","2019-12-17"
"[22885,21796690]","copias","1. ","452.0","2019-12-17"
"[22885,21796691]","carpeta","5","25.0","2019-12-17"
"[22885,21796692]","oficio","25","25.0","2019-12-17"
"[22885,21796693]","lapicero","6","18.0","2019-12-17"
"[22885,21946242]","curp","20","60.0","2019-12-18"
"[22885,21946243]","nss","25","25.0","2019-12-18"
"[22885,21946246]","foto","40","80.0","2019-12-18"
"[22885,21946250]","copias","1. ","454.0","2019-12-18"
"[22885,21946253]","carpeta","5","25.0","2019-12-18"
"[22885,21946254]","oficio","25","25.0","2019-12-18"
"[22885,21946255]","lapicero","6","6.0","2019-12-18"
"[22885,22069286]","curp","20","100.0","2019-12-19"
"[22885,22069287]","recibo cfe","25","25.0","2019-12-19"
"[22885,22069288]","nss","25","25.0","2019-12-19"
"[22885,22069294]","foto","40","120.0","2019-12-19"
"[22885,22069298]","acta","160","160.0","2019-12-19"
"[22885,22069301]","copias","1. ","199.0","2019-12-19"
"[22885,22069302]","carpeta","5","15.0","2019-12-19"
"[22885,22069303]","lapicero","6","6.0","2019-12-19"
"[22885,22069304]","otro","35","35.0","2019-12-19"
"[22885,22679133]","curp","20","60.0","2019-12-23"
"[22885,22679176]","foto","40","120.0","2019-12-23"
"[22885,22679215]","copias","1. ","290.0","2019-12-23"
"[22885,22679257]","usb 8gb","135","135.0","2019-12-23"
"[22885,22679281]","carpeta","5","15.0","2019-12-23"
"[22885,22679374]","oficio","20","20.0","2019-12-23"
"[22885,23124984]","curp","20","4080.0","2019-12-26"
"[22885,23124985]","curp","20","4080.0","2019-12-26"
"[22885,23124986]","curp","20","4080.0","2019-12-26"
"[22885,23124987]","curp","20","4080.0","2019-12-26"
"[22885,23124988]","recibo cfe","25","25.0","2019-12-26"
"[22885,23124989]","rfc","25","25.0","2019-12-26"
"[22885,23124998]","foto","40","120.0","2019-12-26"
"[22885,23125587]","carpeta","5","20.0","2019-12-26"
"[22885,23126011]","copias","1. ","258.0","2019-12-26"
"[22885,23126213]","lapicero","6","12.0","2019-12-26"
"[22885,23277103]","curp","20","20.0","2019-12-27"
"[22885,23277105]","foto","40","120.0","2019-12-27"
"[22885,23277108]","carpeta","5","10.0","2019-12-27"
"[22885,23277109]","copias","1. ","155.0","2019-12-27"
"[22885,23792639]","curp","20","40.0","2019-12-30"
"[22885,23792640]","recibo cfe","25","25.0","2019-12-30"
"[22885,23792641]","copias","1. ","233.0","2019-12-30"
"[22885,23792642]","carpeta","5","10.0","2019-12-30"
"[22885,23792645]","lapicero","6","6.0","2019-12-30"
"[22885,24638303]","curp","20","40.0","2020-01-03"
"[22885,24638304]","recibo cfe","25","50.0","2020-01-03"
"[22885,24638305]","foto","40","120.0","2020-01-03"
"[22885,24638306]","copias","1. ","107.0","2020-01-03"
"[22885,24638310]","usb 8gb","120","120.0","2020-01-03"
"[22885,24638311]","carpeta","5","10.0","2020-01-03"
"[22885,24638312]","lapicero","6","18.0","2020-01-03"
"[22885,24638315]","otro","5","5.0","2020-01-03"
"[22885,25232299]","curp","20","120.0","2020-01-06"
"[22885,25232300]","recibo cfe","25","50.0","2020-01-06"
"[22885,25232301]","rfc","25","25.0","2020-01-06"
"[22885,25232302]","foto","40","120.0","2020-01-06"
"[22885,25232303]","copias","1. ","385.0","2020-01-06"
"[22885,25232304]","carpeta","5","15.0","2020-01-06"
"[22885,25450453]","curp","20","120.0","2020-01-07"
"[22885,25450479]","recibo cfe","25","50.0","2020-01-07"
"[22885,25450500]","foto","40","240.0","2020-01-07"
"[22885,25450523]","copias","1. ","314.0","2020-01-07"
"[22885,25450545]","carpeta","5","25.0","2020-01-07"
"[22885,25450566]","oficio","20","20.0","2020-01-07"
"[22885,25450591]","lapicero","6","6.0","2020-01-07"
"[22885,25705828]","curp","20","60.0","2020-01-08"
"[22885,25705830]","recibo cfe","25","25.0","2020-01-08"
"[22885,25705831]","nss","20","20.0","2020-01-08"
"[22885,25705832]","rfc","25","25.0","2020-01-08"
"[22885,25705833]","foto","40","200.0","2020-01-08"
"[22885,25705834]","copias","1. ","335.0","2020-01-08"
"[22885,25705835]","carpeta","5","30.0","2020-01-08"
"[22885,25705838]","solicitud empleo","2","8.0","2020-01-08"
"[22885,25705842]","lapicero","6","12.0","2020-01-08"
"[22885,25973804]","curp","20","100.0","2020-01-09"
"[22885,25973888]","recibo cfe","25","25.0","2020-01-09"
"[22885,25973889]","nss","20","25.0","2020-01-09"
"[22885,25973892]","rfc","25","25.0","2020-01-09"
"[22885,25973893]","foto","40","120.0","2020-01-09"
"[22885,25973894]","acta","189","180.0","2020-01-09"
"[22885,25973896]","copias","1. ","324.0","2020-01-09"
"[22885,25973898]","carpeta","5","20.0","2020-01-09"
"[22885,25973899]","lapicero","6","6.0","2020-01-09"
"[22885,26210069]","curp","20","80.0","2020-01-10"
"[22885,26210070]","recibo cfe","25","50.0","2020-01-10"
"[22885,26210071]","foto","40","120.0","2020-01-10"
"[22885,26210074]","copias","1. ","264.0","2020-01-10"
"[22885,26210100]","carpeta","5","20.0","2020-01-10"
"[22885,26210118]","lapicero","6","6.0","2020-01-10"
"[22885,26839504]","curp","20","160.0","2020-01-13"
"[22885,26839506]","nss","25","25.0","2020-01-13"
"[22885,26839507]","rfc","25","25.0","2020-01-13"
"[22885,26839508]","foto","40","240.0","2020-01-13"
"[22885,26839515]","copias","1. ","333.0","2020-01-13"
"[22885,26839516]","usb 8gb","120","120.0","2020-01-13"
"[22885,26839519]","carpeta","5","20.0","2020-01-13"
"[22885,26839521]","solicitud empleo","2","16.0","2020-01-13"
"[22885,26839534]","lapicero","6","6.0","2020-01-13"
"[22885,26839536]","oficio","25","25.0","2020-01-13"
"[22885,27076856]","curp","20","120.0","2020-01-14"
"[22885,27076874]","foto","40","280.0","2020-01-14"
"[22885,27076895]","acta","100","100.0","2020-01-14"
"[22885,27076930]","copias","1. ","435.0","2020-01-14"
"[22885,27076941]","carpeta","5","15.0","2020-01-14"
"[22885,27300747]","curp","20","40.0","2020-01-15"
"[22885,27300758]","recibo cfe","25","25.0","2020-01-15"
"[22885,27300772]","nss","25","25.0","2020-01-15"
"[22885,27300795]","foto","40","160.0","2020-01-15"
"[22885,27300825]","copias","1. ","234.0","2020-01-15"
"[22885,27300861]","usb 8gb","135","135.0","2020-01-15"
"[22885,27300867]","carpeta","5","10.0","2020-01-15"
"[22885,27300888]","lapicero","6","6.0","2020-01-15"
"[22885,27735658]","curp","20","100.0","2020-01-16"
"[22885,27735659]","recibo cfe","25","50.0","2020-01-16"
"[22885,27735660]","foto","40","120.0","2020-01-16"
"[22885,27735661]","copias","1. ","219.0","2020-01-16"
"[22885,27735662]","usb 8gb","120","120.0","2020-01-16"
"[22885,27735663]","carpeta","5","15.0","2020-01-16"
"[22885,27735664]","oficio","20","20.0","2020-01-16"
"[22885,27735665]","lapicero","6","6.0","2020-01-16"
"[22885,27765014]","curp","20","100.0","2020-01-17"
"[22885,27765019]","recibo cfe","25","25.0","2020-01-17"
"[22885,27765020]","nss","25","25.0","2020-01-17"
"[22885,27765023]","rfc","25","50.0","2020-01-17"
"[22885,27765024]","foto","40","160.0","2020-01-17"
"[22885,27765025]","copias","1. ","552.0","2020-01-17"
"[22885,27765027]","carpeta","5","5.0","2020-01-17"
"[22885,27765030]","lapicero","8","8.0","2020-01-17"
"[22885,27809214]","curp","20","120.0","2020-01-20"
"[22885,27809220]","foto","40","160.0","2020-01-20"
"[22885,27809221]","acta","150","150.0","2020-01-20"
"[22885,27809222]","copias","1. ","327.0","2020-01-20"
"[22885,27809224]","usb 8gb","135","135.0","2020-01-20"
"[22885,27809225]","carpeta","5","20.0","2020-01-20"
"[22885,27809226]","lapicero","8","8.0","2020-01-20"
"[22885,27843100]","curp","20","80.0","2020-01-21"
"[22885,27843101]","foto","40","80.0","2020-01-21"
"[22885,27843103]","copias","1. ","174.0","2020-01-21"
"[22885,27843104]","usb 8gb","135","135.0","2020-01-21"
"[22885,27843106]","carpeta","5","15.0","2020-01-21"
"[22885,27843108]","lapicero","6","6.0","2020-01-21"
"[22885,27885133]","curp","20","40.0","2020-01-22"
"[22885,27885134]","nss","25","25.0","2020-01-22"
"[22885,27885135]","foto","40","80.0","2020-01-22"
"[22885,27885136]","copias","1. ","363.0","2020-01-22"
"[22885,27885137]","carpeta","5","25.0","2020-01-22"
"[22885,27885138]","oficio","20","20.0","2020-01-22"
"[22885,27885140]","lapicero","6","12.0","2020-01-22"
"[22885,27925204]","curp","20","140.0","2020-01-24"
"[22885,27925205]","rfc","25","25.0","2020-01-24"
"[22885,27925206]","foto","40","160.0","2020-01-24"
"[22885,27925207]","copias","1. ","379.0","2020-01-24"
"[22885,27925210]","carpeta","5","15.0","2020-01-24"
"[22885,27925211]","lapicero","6","6.0","2020-01-24"
"[22885,27925212]","oficio","20","20.0","2020-01-24"
"[22885,27980594]","curp","20","160.0","2020-01-27"
"[22885,27980596]","recibo cfe","25","20.0","2020-01-27"
"[22885,27980597]","foto","40","360.0","2020-01-27"
"[22885,27980598]","copias","1. ","389.0","2020-01-27"
"[22885,27980601]","carpeta","5","15.0","2020-01-27"
"[22885,27980602]","lapicero","6","6.0","2020-01-27"
"[22885,27980608]","oficio","20","20.0","2020-01-27"
"[22885,28012577]","curp","20","160.0","2020-01-28"
"[22885,28012578]","recibo cfe","20","50.0","2020-01-28"
"[22885,28012579]","rfc","25","25.0","2020-01-28"
"[22885,28012583]","foto","40","120.0","2020-01-28"
"[22885,28012588]","copias","1. ","325.0","2020-01-28"
"[22885,28012589]","oficio","20","20.0","2020-01-28"
"[22885,28081658]","curp","20","80.0","2020-01-30"
"[22885,28081661]","foto","40","160.0","2020-01-30"
"[22885,28081667]","carpeta","5","20.0","2020-01-30"
"[22885,28081672]","copias","1. ","185.0","2020-01-30"
"[22885,28122644]","curp","20","100.0","2020-01-31"
"[22885,28122646]","recibo cfe","25","25.0","2020-01-31"
"[22885,28122647]","foto","40","360.0","2020-01-31"
"[22885,28122648]","copias","1. ","139.0","2020-01-31"
"[22885,28122649]","carpeta","5","20.0","2020-01-31"
"[22885,28122650]","lapicero","6","6.0","2020-01-31"
"[22885,28325596]","curp","20","80.0","2020-02-04"
"[22885,28325607]","recibo cfe","25","50.0","2020-02-04"
"[22885,28325616]","foto","40","160.0","2020-02-04"
"[22885,28325619]","acta","150","150.0","2020-02-04"
"[22885,28325638]","copias","1. ","378.0","2020-02-04"
"[22885,28325644]","carpeta","5","25.0","2020-02-04"
"[22885,28325691]","otro","5","10.0","2020-02-04"
"[22885,28371724]","curp","20","60.0","2020-02-05"
"[22885,28371725]","recibo cfe","25","25.0","2020-02-05"
"[22885,28371726]","rfc","25","25.0","2020-02-05"
"[22885,28371727]","foto","40","40.0","2020-02-05"
"[22885,28371730]","copias","1. ","170.0","2020-02-05"
"[22885,28404847]","curp","20","80.0","2020-02-06"
"[22885,28404848]","recibo cfe","25","25.0","2020-02-06"
"[22885,28404849]","rfc","25","25.0","2020-02-06"
"[22885,28404850]","foto","40","80.0","2020-02-06"
"[22885,28404851]","copias","1. ","322.0","2020-02-06"
"[22885,28404853]","carpeta","5","30.0","2020-02-06"
"[22885,28404857]","lapicero","6","18.0","2020-02-06"
"[22885,28404866]","otro","1","30.0","2020-02-06"
"[22885,28431210]","curp","20","40.0","2020-02-07"
"[22885,28431222]","foto","40","80.0","2020-02-07"
"[22885,28431232]","carpeta","5","5.0","2020-02-07"
"[22885,28431241]","lapicero","6","12.0","2020-02-07"
"[22885,28431298]","copias","1. ","298.0","2020-02-07"
"[22885,29055501]","curp","20","80.0","2020-02-10"
"[22885,29055502]","recibo cfe","25","50.0","2020-02-10"
"[22885,29055503]","foto","40","200.0","2020-02-10"
"[22885,29055505]","copias","1. ","101.0","2020-02-10"
"[22885,29055600]","carpeta","5","10.0","2020-02-10"
"[22885,29055849]","lapicero","6","8.0","2020-02-10"
"[22885,29414295]","curp","20","120.0","2020-02-11"
"[22885,29414298]","recibo cfe","25","75.0","2020-02-11"
"[22885,29414300]","foto","40","160.0","2020-02-11"
"[22885,29414504]","copias","1. ","357.0","2020-02-11"
"[22885,29414572]","carpeta","5","20.0","2020-02-11"
"[22885,29414709]","lapicero","8","8.0","2020-02-11"
"[22885,29723125]","curp","20","60.0","2020-02-12"
"[22885,29723188]","foto","40","280.0","2020-02-12"
"[22885,29723191]","copias","1. ","309.0","2020-02-12"
"[22885,29723192]","usb 8gb","120","120.0","2020-02-12"
"[22885,29723198]","carpeta","5","20.0","2020-02-12"
"[22885,29723606]","lapicero","6","6.0","2020-02-12"
"[22885,29724029]","recibo cfe","25","50.0","2020-02-12"
"[22885,30045753]","curp","20","40.0","2020-02-13"
"[22885,30045839]","foto","40","40.0","2020-02-13"
"[22885,30045953]","copias","1. ","243.0","2020-02-13"
"[22885,30046113]","usb 8gb","145","145.0","2020-02-13"
"[22885,30046114]","carpeta","5","15.0","2020-02-13"
"[22885,30046115]","lapicero","6","12.0","2020-02-13"
"[22885,31946013]","curp","20","60.0","2020-02-18"
"[22885,31946025]","foto","40","200.0","2020-02-18"
"[22885,31946060]","copias","1. ","254.0","2020-02-18"
"[22885,31946068]","carpeta","5","15.0","2020-02-18"
"[22885,31946089]","lapicero","6","6.0","2020-02-18"
"[22885,32326236]","curp","20","100.0","2020-02-19"
"[22885,32326310]","recibo cfe","25","75.0","2020-02-19"
"[22885,32326537]","foto","40","160.0","2020-02-19"
"[22885,32326539]","copias","1. ","278.0","2020-02-19"
"[22885,32326540]","carpeta","5","20.0","2020-02-19"
"[22885,32326582]","solicitud empleo","2","4.0","2020-02-19"
"[22885,32326583]","lapicero","8","8.0","2020-02-19"
"[22885,32631086]","curp","20","80.0","2020-02-20"
"[22885,32631125]","recibo cfe","25","25.0","2020-02-20"
"[22885,32631126]","foto","40","200.0","2020-02-20"
"[22885,32631127]","copias","1. ","230.0","2020-02-20"
"[22885,32631130]","carpeta","5","15.0","2020-02-20"
"[22885,32759015]","curp","20","120.0","2020-02-21"
"[22885,32759023]","recibo cfe","25","50.0","2020-02-21"
"[22885,32759029]","foto","40","160.0","2020-02-21"
"[22885,32759074]","copias","1. ","269.0","2020-02-21"
"[22885,32759083]","carpeta","5","10.0","2020-02-21"
"[22885,32760358]","oficio","25","25.0","2020-02-21"
"[22885,32760365]","lapicero","6","6.0","2020-02-21"
"[22885,32760367]","otro","20","40.0","2020-02-21"